USE [BDGE_715]
GO


CREATE TABLE [dbo].[TB_NFE_INUTILIZADAS](
    [CD_NFE_INUTILILIZADA][int] NOT NULL,
	[CD_LOJA] [int] NOT NULL,
	[CD_USUARIO] [int]NOT NULL,
	[TP_AMBIENTE][int] NOT NULL,
	[NR_SERIE] [varchar](3) NULL,
	[NR_ANO] [int] NOT NULL,
	[NR_FAIXA_INICIAL][int] NOT NULL,
	[NR_FAIXA_FINAL][int] NOT NULL,
	[DS_JUSTIFICATIVA] [varchar](255)NOT NULL,
	[DS_X_MOTIVO] [varchar](255) NOT NULL,
	[DH_RECEBIMENTO] [DateTime] NULL,
	[TP_MODELO] [varchar](2) NULL,
	[NR_VERSAO] [varchar](10) NULL,
	[NR_VERSAO_APLICACAO] [varchar](30) NULL,
	[CD_UF][varchar](2)  NULL,
	[NU_CNPJ][varchar](14)  NULL,
	[NU_PROTOCOLO][varchar](30)  NULL,
	[BSTAT][BIT]  NULL,
	[CSTAT][varchar](4)  NULL,

	 CONSTRAINT [PK_TB_NFE_INUTILIZADAS] PRIMARY KEY (
		[CD_NFE_INUTILILIZADA] ASC
	)
 );



USE [LOGIN]
GO

CREATE TABLE [LOGIN].[dbo].TB_PERFIL_WEB(
	[CD_PERFIL_WEB] [int] NOT NULL,
	[DS_NOME] [varchar](55) NOT NULL,
	[ST_ATIVO] [char](1) NULL,
 CONSTRAINT [PK_TB_PERFIL_WEB] PRIMARY KEY (
	[CD_PERFIL_WEB] ASC
 )
);

ALTER TABLE [LOGIN].[dbo].TB_USUARIO_WEB
	ADD [CD_PERFIL_WEB] [int];

CREATE TABLE [LOGIN].[dbo].TB_MENU_WEB_RESOURCE(
	[CD_MENU_WEB_RESOURCE] [int] IDENTITY(1,1) NOT NULL,
	[DS_MENU_RESOURCE] [varchar](100) NOT NULL,
	CD_MENU [int] NOT NULL,
 CONSTRAINT [PK_MENU_WEB_RESOURCE] PRIMARY KEY (
	 [CD_MENU_WEB_RESOURCE] ASC
 ),
  CONSTRAINT UK_MENU_WEB_RESOURCE UNIQUE(DS_MENU_RESOURCE,CD_MENU) 
);

CREATE TABLE [LOGIN].[dbo].TB_PERFIL_WEB_MENUS(
	[CD_PERFIL_WEB] [int] NOT NULL,
	[CD_MENU] [int] NOT NULL,
 CONSTRAINT [PK_TB_PERFIL_WEB_MENUS] PRIMARY KEY (
	[CD_PERFIL_WEB] ASC, [CD_MENU] ASC
 )
);


CREATE TABLE [LOGIN].[dbo].TB_MENU_WEB(
	[CD_MENU] [int] NOT NULL,
	[DS_MENU] [varchar](100) NOT NULL,
	[CD_MENU_PAI] [int] ,
	[DS_URL] [varchar](100),
	[DS_ICONE] [varchar](100),
	[ST_ATIVO] [char](1) NOT NULL
 CONSTRAINT [PK_TB_MENU_WEB] PRIMARY KEY (
	[CD_MENU] ASC
 )
);

--perfis
INSERT INTO [LOGIN].[dbo].[TB_PERFIL_WEB]
	VALUES(1,'Administrador de usuários','S');

INSERT INTO [LOGIN].[dbo].[TB_PERFIL_WEB]
	VALUES(2,'Básico I','S');

 INSERT INTO [LOGIN].[dbo].[TB_PERFIL_WEB]
	VALUES(3,'Basico II','S');

--Menus
INSERT INTO [LOGIN].[dbo].TB_MENU_WEB
	VALUES (1,'Controle de Acesso',NULL,NULL,'fa fa-lock','S');

INSERT INTO [LOGIN].[dbo].TB_MENU_WEB
	VALUES (2,'Menus do sistema',1,'/menu-web/index',NULL,'S');

INSERT INTO [LOGIN].[dbo].TB_MENU_WEB
	VALUES (3,'Perfis do sistema',1,'/perfil-web/index',NULL,'S');

INSERT INTO [LOGIN].[dbo].TB_MENU_WEB
	VALUES (4,'Usuários Web',1,'/usuario-web/index',NULL,'S');

INSERT INTO [LOGIN].[dbo].TB_MENU_WEB
	VALUES (5,'Cadastros',NULL,NULL,'fa fa-qrcode','S');

INSERT INTO [LOGIN].[dbo].TB_MENU_WEB
	VALUES (6,'Clientes',5,'/cliente',NULL,'S');

INSERT INTO [LOGIN].[dbo].TB_MENU_WEB
	VALUES (7,'Serviço/Mercadoria',5,'/mercadoria',NULL,'S');

INSERT INTO [LOGIN].[dbo].TB_MENU_WEB
	VALUES (8,'CFOP',5,'/tabela/cfop',NULL,'S');

INSERT INTO [LOGIN].[dbo].TB_MENU_WEB
	VALUES (9,'Cartões',5,'/tabela/cartao',NULL,'S');

INSERT INTO [LOGIN].[dbo].TB_MENU_WEB
	VALUES (10,'Forma de Pagamento',5,'/tabela/forma-pagamento',NULL,'S');


INSERT INTO [LOGIN].[dbo].TB_MENU_WEB
	VALUES (11,'Agenda',NULL,'/agenda/index','fa fa-calendar','S');

INSERT INTO [LOGIN].[dbo].TB_MENU_WEB
	VALUES (12,'Pedido',NULL,'/pedido/lista-tablet','fa fa-pencil','S');

INSERT INTO [LOGIN].[dbo].TB_MENU_WEB
	VALUES (13,'Caixa',NULL,'/caixa/index','fa fa-shopping-cart','S');

INSERT INTO [LOGIN].[dbo].TB_MENU_WEB
	VALUES (14,'Nota Fiscal Eletrônica',NULL,NULL,'fa fa-qrcode','S');

INSERT INTO [LOGIN].[dbo].TB_MENU_WEB
	VALUES (15,'Emitir NF-e',14,'/nota/avulsa',NULL,'S');

INSERT INTO [LOGIN].[dbo].TB_MENU_WEB
	VALUES (16,'Listar NF-e',14,'/nota/lista',NULL,'S');

INSERT INTO [LOGIN].[dbo].TB_MENU_WEB
	VALUES (17,'Consulta(Receita)',14,'/nota/consulta-receita',NULL,'S');

INSERT INTO [LOGIN].[dbo].TB_MENU_WEB
	VALUES (18,'Configurar',14,'/nota/configurar',NULL,'S');


INSERT INTO [LOGIN].[dbo].TB_MENU_WEB
	VALUES (19,'Contas à Pagar',NULL,'/contas-pagar','fa fa-paperclip','S');

	
INSERT INTO [LOGIN].[dbo].TB_MENU_WEB
	VALUES (20,'Contas à Receber',NULL,'/contas-receber','fa fa-money','S');

INSERT INTO [LOGIN].[dbo].TB_MENU_WEB
	VALUES (21,'Relatórios',NULL,NULL,'i i-graph icon','S');

INSERT INTO [LOGIN].[dbo].TB_MENU_WEB
	VALUES (22,'Atendimento - Produtos / Serviços Vendidos',21,'/relatorio-atendimento/pesquisa',NULL,'S');

INSERT INTO [LOGIN].[dbo].TB_MENU_WEB
	VALUES (23,'Notas Fiscais',21,'/relatorio-nota/pesquisa',NULL,'S');

INSERT INTO [LOGIN].[dbo].TB_MENU_WEB
	VALUES (24,'Pedidos',21,'/relatorio-pedido/pesquisa',NULL,'S');

INSERT INTO [LOGIN].[dbo].TB_MENU_WEB
	VALUES (25,'Agendamentos',21,'/relatorio-agendamento/pesquisa',NULL,'S');

INSERT INTO [LOGIN].[dbo].TB_MENU_WEB
	VALUES (26,'Caixa',21,'/relatorio-caixa/pesquisa',NULL,'S');

INSERT INTO [LOGIN].[dbo].TB_MENU_WEB
	VALUES (27,'Resumo de Caixa',21,'/relatorio-resumo-caixa/pesquisa',NULL,'S');

INSERT INTO [LOGIN].[dbo].TB_MENU_WEB
	VALUES (28,'Inventário de Estoque',21,'/relatorio-inventario-estoque/pesquisa',NULL,'S');

INSERT INTO [LOGIN].[dbo].TB_MENU_WEB
	VALUES (29,'Vendas Mensais Por Tipo de Pagamento',21,'/relatorio-vendas-mensal-tipo-pagamento/pesquisa',NULL,'S');

INSERT INTO [LOGIN].[dbo].TB_MENU_WEB
	VALUES (30,'Multi-Loja',21,'/relatorio-pedido/pesquisa-multi-loja',NULL,'S');

INSERT INTO [LOGIN].[dbo].TB_MENU_WEB
	VALUES (31,'CRM',NULL,NULL,'fa fa-users','S');

INSERT INTO [LOGIN].[dbo].TB_MENU_WEB
	VALUES (32,'Análise',31,'/mail/analise',NULL,'S');

INSERT INTO [LOGIN].[dbo].TB_MENU_WEB
	VALUES (33,'E-mail',31,'/mail/crm',NULL,'S');

INSERT INTO [LOGIN].[dbo].TB_MENU_WEB
	VALUES (34,'Inutilizar NF-e',14,'/nota/inutilizar',NULL,'S');

INSERT INTO [LOGIN].[dbo].TB_MENU_WEB
	VALUES (35,'Painel Inicial',NULL,'/painel/index',NULL,'S');


--Perfil WEB x Menu
INSERT INTO  [LOGIN].[dbo].[TB_PERFIL_WEB_MENUS]
 VALUES (1,35);
INSERT INTO  [LOGIN].[dbo].[TB_PERFIL_WEB_MENUS]
 VALUES (1,2);
INSERT INTO  [LOGIN].[dbo].[TB_PERFIL_WEB_MENUS]
 VALUES (1,3);
INSERT INTO  [LOGIN].[dbo].[TB_PERFIL_WEB_MENUS]
 VALUES (1,4);

 INSERT INTO  [LOGIN].[dbo].[TB_PERFIL_WEB_MENUS]
 VALUES (2,35);
INSERT INTO  [LOGIN].[dbo].[TB_PERFIL_WEB_MENUS]
 VALUES (2,6);
INSERT INTO  [LOGIN].[dbo].[TB_PERFIL_WEB_MENUS]
 VALUES (2,7);
INSERT INTO  [LOGIN].[dbo].[TB_PERFIL_WEB_MENUS]
 VALUES (2,8);
INSERT INTO  [LOGIN].[dbo].[TB_PERFIL_WEB_MENUS]
 VALUES (2,9);
INSERT INTO  [LOGIN].[dbo].[TB_PERFIL_WEB_MENUS]
 VALUES (2,10);
INSERT INTO  [LOGIN].[dbo].[TB_PERFIL_WEB_MENUS]
 VALUES (2,15);
INSERT INTO  [LOGIN].[dbo].[TB_PERFIL_WEB_MENUS]
 VALUES (2,16);
INSERT INTO  [LOGIN].[dbo].[TB_PERFIL_WEB_MENUS]
 VALUES (2,17);
INSERT INTO  [LOGIN].[dbo].[TB_PERFIL_WEB_MENUS]
 VALUES (2,18);
 INSERT INTO  [LOGIN].[dbo].[TB_PERFIL_WEB_MENUS]
 VALUES (2,34);

INSERT INTO  [LOGIN].[dbo].[TB_PERFIL_WEB_MENUS]
 VALUES (3,35);
INSERT INTO  [LOGIN].[dbo].[TB_PERFIL_WEB_MENUS]
 VALUES (3,6);
INSERT INTO  [LOGIN].[dbo].[TB_PERFIL_WEB_MENUS]
 VALUES (3,7);
INSERT INTO  [LOGIN].[dbo].[TB_PERFIL_WEB_MENUS]
 VALUES (3,8);
INSERT INTO  [LOGIN].[dbo].[TB_PERFIL_WEB_MENUS]
 VALUES (3,9);
INSERT INTO  [LOGIN].[dbo].[TB_PERFIL_WEB_MENUS]
 VALUES (3,10);
INSERT INTO  [LOGIN].[dbo].[TB_PERFIL_WEB_MENUS]
 VALUES (3,11);
INSERT INTO  [LOGIN].[dbo].[TB_PERFIL_WEB_MENUS]
 VALUES (3,12);
INSERT INTO  [LOGIN].[dbo].[TB_PERFIL_WEB_MENUS]
 VALUES (3,13);
INSERT INTO  [LOGIN].[dbo].[TB_PERFIL_WEB_MENUS]
 VALUES (3,15);
INSERT INTO  [LOGIN].[dbo].[TB_PERFIL_WEB_MENUS]
 VALUES (3,16);
INSERT INTO  [LOGIN].[dbo].[TB_PERFIL_WEB_MENUS]
 VALUES (3,17);
INSERT INTO  [LOGIN].[dbo].[TB_PERFIL_WEB_MENUS]
 VALUES (3,18);
INSERT INTO  [LOGIN].[dbo].[TB_PERFIL_WEB_MENUS]
 VALUES (3,19);
INSERT INTO  [LOGIN].[dbo].[TB_PERFIL_WEB_MENUS]
 VALUES (3,20);
INSERT INTO  [LOGIN].[dbo].[TB_PERFIL_WEB_MENUS]
 VALUES (3,22);
INSERT INTO  [LOGIN].[dbo].[TB_PERFIL_WEB_MENUS]
 VALUES (3,23);
INSERT INTO  [LOGIN].[dbo].[TB_PERFIL_WEB_MENUS]
 VALUES (3,24);
INSERT INTO  [LOGIN].[dbo].[TB_PERFIL_WEB_MENUS]
 VALUES (3,25);
INSERT INTO  [LOGIN].[dbo].[TB_PERFIL_WEB_MENUS]
 VALUES (3,26);
INSERT INTO  [LOGIN].[dbo].[TB_PERFIL_WEB_MENUS]
 VALUES (3,27);
INSERT INTO  [LOGIN].[dbo].[TB_PERFIL_WEB_MENUS]
 VALUES (3,28);
INSERT INTO  [LOGIN].[dbo].[TB_PERFIL_WEB_MENUS]
 VALUES (3,29);
INSERT INTO  [LOGIN].[dbo].[TB_PERFIL_WEB_MENUS]
 VALUES (3,30);
INSERT INTO  [LOGIN].[dbo].[TB_PERFIL_WEB_MENUS]
 VALUES (3,32);
INSERT INTO  [LOGIN].[dbo].[TB_PERFIL_WEB_MENUS]
 VALUES (3,33);
 INSERT INTO  [LOGIN].[dbo].[TB_PERFIL_WEB_MENUS]
 VALUES (3,34);


--Perfil Básico I
 UPDATE [LOGIN].[dbo].[TB_USUARIO_WEB]
  SET [CD_PERFIL_WEB] = 2
   WHERE [CD_PERFIL_WEB] IS NULL;

UPDATE [LOGIN].[dbo].[TB_USUARIO_WEB]
  SET   CD_PERFIL_WEB  = 2,
		 ST_ATIVO = 'S'
   WHERE [CD_USUARIO_WEB] = 6; -- bsbgestao

UPDATE [LOGIN].[dbo].[TB_USUARIO_WEB]
  SET   CD_PERFIL_WEB  = 3,
		 ST_ATIVO = 'S'
   WHERE [CD_USUARIO_WEB] = 58; -- bsbweb

--Perfil Administrador de usuários
UPDATE [LOGIN].[dbo].[TB_USUARIO_WEB]
  SET  CD_PERFIL_WEB  = 1, 
	    ST_ATIVO = 'S'
   WHERE [CD_USUARIO_WEB] = 7; -- admin


--ACL for menu's

--RESOURCES DO PAINEL INICIAL E OUTROS GERAIS DA APLICAÇÃO
INSERT INTO [LOGIN].[dbo].TB_MENU_WEB_RESOURCE
(DS_MENU_RESOURCE, CD_MENU) VALUES('painel/',35);
INSERT INTO [LOGIN].[dbo].TB_MENU_WEB_RESOURCE
(DS_MENU_RESOURCE, CD_MENU) VALUES('perfil-web/meusDados',35);
INSERT INTO [LOGIN].[dbo].TB_MENU_WEB_RESOURCE
(DS_MENU_RESOURCE, CD_MENU) VALUES('index/',35);
INSERT INTO [LOGIN].[dbo].TB_MENU_WEB_RESOURCE
(DS_MENU_RESOURCE,CD_MENU) VALUES('index/logout',35);
INSERT INTO [LOGIN].[dbo].TB_MENU_WEB_RESOURCE
(DS_MENU_RESOURCE,CD_MENU) VALUES('index/login',35);
INSERT INTO [LOGIN].[dbo].TB_MENU_WEB_RESOURCE
(DS_MENU_RESOURCE,CD_MENU) VALUES('index/index',35);
INSERT INTO [LOGIN].[dbo].TB_MENU_WEB_RESOURCE
(DS_MENU_RESOURCE,CD_MENU) VALUES('index/validasenha',35);
INSERT INTO [LOGIN].[dbo].TB_MENU_WEB_RESOURCE
(DS_MENU_RESOURCE,CD_MENU) VALUES('Application\Controller\Index/index',35);
INSERT INTO [LOGIN].[dbo].TB_MENU_WEB_RESOURCE
(DS_MENU_RESOURCE,CD_MENU) VALUES('layout/login',35);
INSERT INTO [LOGIN].[dbo].TB_MENU_WEB_RESOURCE
(DS_MENU_RESOURCE,CD_MENU) VALUES('home',35);
INSERT INTO [LOGIN].[dbo].TB_MENU_WEB_RESOURCE
(DS_MENU_RESOURCE,CD_MENU) VALUES('home/default',35);
INSERT INTO [LOGIN].[dbo].TB_MENU_WEB_RESOURCE
(DS_MENU_RESOURCE,CD_MENU) VALUES('js/fullcalendar',35);
INSERT INTO [LOGIN].[dbo].TB_MENU_WEB_RESOURCE
(DS_MENU_RESOURCE,CD_MENU) VALUES('painel/index',35);
INSERT INTO [LOGIN].[dbo].TB_MENU_WEB_RESOURCE
(DS_MENU_RESOURCE,CD_MENU) VALUES('Application\Controller\Painel/index',35);
INSERT INTO [LOGIN].[dbo].TB_MENU_WEB_RESOURCE
(DS_MENU_RESOURCE,CD_MENU) VALUES('ajax/get-cidade-por-uf',35);
INSERT INTO [LOGIN].[dbo].TB_MENU_WEB_RESOURCE
(DS_MENU_RESOURCE,CD_MENU) VALUES('ajax/get-historico-movimentacao',35);
INSERT INTO [LOGIN].[dbo].TB_MENU_WEB_RESOURCE
(DS_MENU_RESOURCE,CD_MENU) VALUES('ajax/get-classificacao-financeira',35);
INSERT INTO [LOGIN].[dbo].TB_MENU_WEB_RESOURCE
(DS_MENU_RESOURCE,CD_MENU) VALUES('ajax/get-operador-loja',35);

--RESOURCES DO MENU PERFIS DO SISTEMA
INSERT INTO [LOGIN].[dbo].TB_MENU_WEB_RESOURCE
(DS_MENU_RESOURCE, CD_MENU) VALUES('perfil-web/index',3);
INSERT INTO [LOGIN].[dbo].TB_MENU_WEB_RESOURCE
(DS_MENU_RESOURCE,CD_MENU) VALUES('perfil-web/cadastro',3);
INSERT INTO [LOGIN].[dbo].TB_MENU_WEB_RESOURCE
(DS_MENU_RESOURCE,CD_MENU) VALUES('perfil-web/edicao',3);
INSERT INTO [LOGIN].[dbo].TB_MENU_WEB_RESOURCE
(DS_MENU_RESOURCE,CD_MENU) VALUES('perfil-web/inativar',3);
INSERT INTO [LOGIN].[dbo].TB_MENU_WEB_RESOURCE
(DS_MENU_RESOURCE,CD_MENU) VALUES('perfil-web/ativar',3);
INSERT INTO [LOGIN].[dbo].TB_MENU_WEB_RESOURCE
(DS_MENU_RESOURCE,CD_MENU) VALUES('perfil-web/meusDados',3);


--RESOURCES DO MENU "MENUS DO SISTEMA"
INSERT INTO [LOGIN].[dbo].TB_MENU_WEB_RESOURCE
(DS_MENU_RESOURCE,CD_MENU) VALUES('menu-web/index',2);
INSERT INTO [LOGIN].[dbo].TB_MENU_WEB_RESOURCE
(DS_MENU_RESOURCE,CD_MENU) VALUES('menu-web/cadastro',2);
INSERT INTO [LOGIN].[dbo].TB_MENU_WEB_RESOURCE
(DS_MENU_RESOURCE,CD_MENU) VALUES('menu-web/edicao',2);
INSERT INTO [LOGIN].[dbo].TB_MENU_WEB_RESOURCE
(DS_MENU_RESOURCE,CD_MENU) VALUES('menu-web/resources',2);


--RESOURCES DO MENU USUARIOS WEG
INSERT INTO [LOGIN].[dbo].TB_MENU_WEB_RESOURCE
(DS_MENU_RESOURCE,CD_MENU) VALUES('usuario-web/index',4);
INSERT INTO [LOGIN].[dbo].TB_MENU_WEB_RESOURCE
(DS_MENU_RESOURCE,CD_MENU) VALUES('usuario-web/cadastro',4);
INSERT INTO [LOGIN].[dbo].TB_MENU_WEB_RESOURCE
(DS_MENU_RESOURCE,CD_MENU) VALUES('usuario-web/edicao',4);
INSERT INTO [LOGIN].[dbo].TB_MENU_WEB_RESOURCE
(DS_MENU_RESOURCE,CD_MENU) VALUES('usuario-web/inativar',4);
INSERT INTO [LOGIN].[dbo].TB_MENU_WEB_RESOURCE
(DS_MENU_RESOURCE,CD_MENU) VALUES('usuario-web/ativar',4);


--RESOURCES DO MENU CLIENTES
INSERT INTO [LOGIN].[dbo].TB_MENU_WEB_RESOURCE
(DS_MENU_RESOURCE,CD_MENU) VALUES('cliente/index',6);
INSERT INTO [LOGIN].[dbo].TB_MENU_WEB_RESOURCE
(DS_MENU_RESOURCE,CD_MENU) VALUES('cliente/cadastrar',6);
INSERT INTO [LOGIN].[dbo].TB_MENU_WEB_RESOURCE
(DS_MENU_RESOURCE,CD_MENU) VALUES('cliente/cadastrarclienterapidoagendamento',6);
INSERT INTO [LOGIN].[dbo].TB_MENU_WEB_RESOURCE
(DS_MENU_RESOURCE,CD_MENU) VALUES('cliente/editar',6);
INSERT INTO [LOGIN].[dbo].TB_MENU_WEB_RESOURCE
(DS_MENU_RESOURCE,CD_MENU) VALUES('cliente/remover',6);
INSERT INTO [LOGIN].[dbo].TB_MENU_WEB_RESOURCE
(DS_MENU_RESOURCE,CD_MENU) VALUES('cliente/buscarcliente',6);
INSERT INTO [LOGIN].[dbo].TB_MENU_WEB_RESOURCE
(DS_MENU_RESOURCE,CD_MENU) VALUES('cliente/agendacadastrar',6);
INSERT INTO [LOGIN].[dbo].TB_MENU_WEB_RESOURCE
(DS_MENU_RESOURCE,CD_MENU) VALUES('cliente/cadastro',6);
INSERT INTO [LOGIN].[dbo].TB_MENU_WEB_RESOURCE
(DS_MENU_RESOURCE,CD_MENU) VALUES('cliente/modal-pesquisa-cliente',6);
INSERT INTO [LOGIN].[dbo].TB_MENU_WEB_RESOURCE
(DS_MENU_RESOURCE,CD_MENU) VALUES('cliente/modal-pesquisa-emissor',6);
INSERT INTO [LOGIN].[dbo].TB_MENU_WEB_RESOURCE
(DS_MENU_RESOURCE,CD_MENU) VALUES('cliente/modal-pesquisa-lista-cliente',6);
INSERT INTO [LOGIN].[dbo].TB_MENU_WEB_RESOURCE
(DS_MENU_RESOURCE,CD_MENU) VALUES('cliente/pesquisa-cliente-por-paramentro',6);
INSERT INTO [LOGIN].[dbo].TB_MENU_WEB_RESOURCE
(DS_MENU_RESOURCE,CD_MENU) VALUES('cliente/recupera-cliente-por-codigo',6);




--RESOURCES DO MENU SERVIÇOS/MERCADORIAS
INSERT INTO [LOGIN].[dbo].TB_MENU_WEB_RESOURCE
(DS_MENU_RESOURCE,CD_MENU) VALUES('mercadoria/index',7);
INSERT INTO [LOGIN].[dbo].TB_MENU_WEB_RESOURCE
(DS_MENU_RESOURCE,CD_MENU) VALUES('mercadoria/editar',7);
INSERT INTO [LOGIN].[dbo].TB_MENU_WEB_RESOURCE
(DS_MENU_RESOURCE,CD_MENU) VALUES('mercadoria/cadastrar',7);
INSERT INTO [LOGIN].[dbo].TB_MENU_WEB_RESOURCE
(DS_MENU_RESOURCE,CD_MENU) VALUES('mercadoria/remover',7);
INSERT INTO [LOGIN].[dbo].TB_MENU_WEB_RESOURCE
(DS_MENU_RESOURCE,CD_MENU) VALUES('mercadoria/pesquisar',7);
INSERT INTO [LOGIN].[dbo].TB_MENU_WEB_RESOURCE
(DS_MENU_RESOURCE,CD_MENU) VALUES('mercadoria/modal-pesquisa-mercadoria',7);
INSERT INTO [LOGIN].[dbo].TB_MENU_WEB_RESOURCE
(DS_MENU_RESOURCE,CD_MENU) VALUES('mercadoria/modal-pesquisa-lista-mercadoria',7);
INSERT INTO [LOGIN].[dbo].TB_MENU_WEB_RESOURCE
(DS_MENU_RESOURCE,CD_MENU) VALUES('mercadoria/pesquisa-mercadoria-por-paramentro',7);
INSERT INTO [LOGIN].[dbo].TB_MENU_WEB_RESOURCE
(DS_MENU_RESOURCE,CD_MENU) VALUES('mercadoria/recupera-mercadoria-por-codigo',7);


--RESOURCES DO MENU FORMA DE PAGAMENTO
INSERT INTO [LOGIN].[dbo].TB_MENU_WEB_RESOURCE
(DS_MENU_RESOURCE,CD_MENU) VALUES('tabela/forma-pagamento',10);
INSERT INTO [LOGIN].[dbo].TB_MENU_WEB_RESOURCE
(DS_MENU_RESOURCE,CD_MENU) VALUES('tabela/forma-pagamento-editar',10);
INSERT INTO [LOGIN].[dbo].TB_MENU_WEB_RESOURCE
(DS_MENU_RESOURCE,CD_MENU) VALUES('tabela/forma-pagamento-cadastrar',10);

--RESOURCES DO MENU CFOP
INSERT INTO [LOGIN].[dbo].TB_MENU_WEB_RESOURCE
(DS_MENU_RESOURCE,CD_MENU) VALUES('tabela/cfop',8);
INSERT INTO [LOGIN].[dbo].TB_MENU_WEB_RESOURCE
(DS_MENU_RESOURCE,CD_MENU) VALUES('tabela/cfop-cadastrar',8);
INSERT INTO [LOGIN].[dbo].TB_MENU_WEB_RESOURCE
(DS_MENU_RESOURCE,CD_MENU) VALUES('tabela/cfop-editar',8);


--RESOURCES DO MENU CARTOES
INSERT INTO [LOGIN].[dbo].TB_MENU_WEB_RESOURCE
(DS_MENU_RESOURCE,CD_MENU) VALUES('tabela/cartao',9);
INSERT INTO [LOGIN].[dbo].TB_MENU_WEB_RESOURCE
(DS_MENU_RESOURCE,CD_MENU) VALUES('tabela/cartao-cadastrar',9);
INSERT INTO [LOGIN].[dbo].TB_MENU_WEB_RESOURCE
(DS_MENU_RESOURCE,CD_MENU) VALUES('tabela/cartao-editar',9);


--RESOURCES DO MENU LISTAR NFE
INSERT INTO [LOGIN].[dbo].TB_MENU_WEB_RESOURCE
(DS_MENU_RESOURCE,CD_MENU) VALUES('nota/lista',16);

INSERT INTO [LOGIN].[dbo].TB_MENU_WEB_RESOURCE
(DS_MENU_RESOURCE,CD_MENU) VALUES('nota/cartaCorrecao',16);

INSERT INTO [LOGIN].[dbo].TB_MENU_WEB_RESOURCE
(DS_MENU_RESOURCE,CD_MENU) VALUES('nota/cancela',16);

INSERT INTO [LOGIN].[dbo].TB_MENU_WEB_RESOURCE
(DS_MENU_RESOURCE,CD_MENU) VALUES('nota/imprime-danfe',16);


--RESOURCES DO MENU CONSULTA RECEITA
INSERT INTO [LOGIN].[dbo].TB_MENU_WEB_RESOURCE
(DS_MENU_RESOURCE,CD_MENU) VALUES('nota/consulta-receita',17);

--RESOURCES DO MENU CONFIGURAR NFE
INSERT INTO [LOGIN].[dbo].TB_MENU_WEB_RESOURCE
(DS_MENU_RESOURCE,CD_MENU) VALUES('nota/configurar',18);

--RESOURCES DO MENU INUTILIZAR NFE
INSERT INTO [LOGIN].[dbo].TB_MENU_WEB_RESOURCE
(DS_MENU_RESOURCE,CD_MENU) VALUES('nota/inutilizar',34);
INSERT INTO [LOGIN].[dbo].TB_MENU_WEB_RESOURCE
(DS_MENU_RESOURCE,CD_MENU) VALUES('nota/listaInutilizadas',34);
INSERT INTO [LOGIN].[dbo].TB_MENU_WEB_RESOURCE
(DS_MENU_RESOURCE,CD_MENU) VALUES('nota/listarInutilizadas',34);

--RESOURCES DO MENU EMITIR NFE
INSERT INTO [LOGIN].[dbo].TB_MENU_WEB_RESOURCE
(DS_MENU_RESOURCE,CD_MENU) VALUES('nota/avulsa',15);
INSERT INTO [LOGIN].[dbo].TB_MENU_WEB_RESOURCE
(DS_MENU_RESOURCE,CD_MENU) VALUES('nota/pedido',15);
INSERT INTO [LOGIN].[dbo].TB_MENU_WEB_RESOURCE
(DS_MENU_RESOURCE,CD_MENU) VALUES('nota/ordemServico',15);
INSERT INTO [LOGIN].[dbo].TB_MENU_WEB_RESOURCE
(DS_MENU_RESOURCE,CD_MENU) VALUES('nota/gera-nfe',15);
INSERT INTO [LOGIN].[dbo].TB_MENU_WEB_RESOURCE
(DS_MENU_RESOURCE,CD_MENU) VALUES('nota/gera-nfe-pedido',15);
INSERT INTO [LOGIN].[dbo].TB_MENU_WEB_RESOURCE
(DS_MENU_RESOURCE,CD_MENU) VALUES('nota/status-nfe',15);
INSERT INTO [LOGIN].[dbo].TB_MENU_WEB_RESOURCE
(DS_MENU_RESOURCE,CD_MENU) VALUES('nota/send',15);
INSERT INTO [LOGIN].[dbo].TB_MENU_WEB_RESOURCE
(DS_MENU_RESOURCE,CD_MENU) VALUES('nota/abrir',15);
INSERT INTO [LOGIN].[dbo].TB_MENU_WEB_RESOURCE
(DS_MENU_RESOURCE,CD_MENU) VALUES('nota/visualiza-danfe',15);
INSERT INTO [LOGIN].[dbo].TB_MENU_WEB_RESOURCE
(DS_MENU_RESOURCE,CD_MENU) VALUES('nota/save-nota',15);


--RESOURCES DO MENU AGENDA
INSERT INTO [LOGIN].[dbo].TB_MENU_WEB_RESOURCE
(DS_MENU_RESOURCE,CD_MENU) VALUES('agenda/agendamento-cliente',26);
INSERT INTO [LOGIN].[dbo].TB_MENU_WEB_RESOURCE
(DS_MENU_RESOURCE,CD_MENU) VALUES('agenda/index',26);
INSERT INTO [LOGIN].[dbo].TB_MENU_WEB_RESOURCE
(DS_MENU_RESOURCE,CD_MENU) VALUES('agenda/agenda',26);
INSERT INTO [LOGIN].[dbo].TB_MENU_WEB_RESOURCE
(DS_MENU_RESOURCE,CD_MENU) VALUES('agenda/horariosAgenda',26);
INSERT INTO [LOGIN].[dbo].TB_MENU_WEB_RESOURCE
(DS_MENU_RESOURCE,CD_MENU) VALUES('agenda/cadastrar-cliente-agenda',26);
INSERT INTO [LOGIN].[dbo].TB_MENU_WEB_RESOURCE
(DS_MENU_RESOURCE,CD_MENU) VALUES('agenda/recupera-servico-por-codigo',26);
INSERT INTO [LOGIN].[dbo].TB_MENU_WEB_RESOURCE
(DS_MENU_RESOURCE,CD_MENU) VALUES('agenda/situacaoagendamento',26);
INSERT INTO [LOGIN].[dbo].TB_MENU_WEB_RESOURCE
(DS_MENU_RESOURCE,CD_MENU) VALUES('agenda/verificaagenda',26);
INSERT INTO [LOGIN].[dbo].TB_MENU_WEB_RESOURCE
(DS_MENU_RESOURCE,CD_MENU) VALUES('agenda/atendecliente',26);
INSERT INTO [LOGIN].[dbo].TB_MENU_WEB_RESOURCE
(DS_MENU_RESOURCE,CD_MENU) VALUES('agenda/limpaagendamento',26);
INSERT INTO [LOGIN].[dbo].TB_MENU_WEB_RESOURCE
(DS_MENU_RESOURCE,CD_MENU) VALUES('maca/index',26);
INSERT INTO [LOGIN].[dbo].TB_MENU_WEB_RESOURCE
(DS_MENU_RESOURCE,CD_MENU) VALUES('maca/cadastrar',26);



--RESOURCES DO MENU PEDIDO
INSERT INTO [LOGIN].[dbo].TB_MENU_WEB_RESOURCE
(DS_MENU_RESOURCE,CD_MENU) VALUES('pedido/novo-pedido',24);
INSERT INTO [LOGIN].[dbo].TB_MENU_WEB_RESOURCE
(DS_MENU_RESOURCE,CD_MENU) VALUES('pedido/lista-tablet',24);
INSERT INTO [LOGIN].[dbo].TB_MENU_WEB_RESOURCE
(DS_MENU_RESOURCE,CD_MENU) VALUES('pedido/grid-lista',24);
INSERT INTO [LOGIN].[dbo].TB_MENU_WEB_RESOURCE
(DS_MENU_RESOURCE,CD_MENU) VALUES('pedido/pedido-tablet',24);
INSERT INTO [LOGIN].[dbo].TB_MENU_WEB_RESOURCE
(DS_MENU_RESOURCE,CD_MENU) VALUES('pedido/salvar-pedido',24);
INSERT INTO [LOGIN].[dbo].TB_MENU_WEB_RESOURCE
(DS_MENU_RESOURCE,CD_MENU) VALUES('pedido/salvar-novo-pedido',24);
INSERT INTO [LOGIN].[dbo].TB_MENU_WEB_RESOURCE
(DS_MENU_RESOURCE,CD_MENU) VALUES('pedido/verifica-estoque',24);
INSERT INTO [LOGIN].[dbo].TB_MENU_WEB_RESOURCE
(DS_MENU_RESOURCE,CD_MENU) VALUES('pedido/orcamento',24);
INSERT INTO [LOGIN].[dbo].TB_MENU_WEB_RESOURCE
(DS_MENU_RESOURCE,CD_MENU) VALUES('pedido/grid-mercadoria',24);
INSERT INTO [LOGIN].[dbo].TB_MENU_WEB_RESOURCE
(DS_MENU_RESOURCE,CD_MENU) VALUES('pedido/modal-lista-mercadoria',24);
INSERT INTO [LOGIN].[dbo].TB_MENU_WEB_RESOURCE
(DS_MENU_RESOURCE,CD_MENU) VALUES('pedido/modal-pesquisa-lista-mercadoria',24);
INSERT INTO [LOGIN].[dbo].TB_MENU_WEB_RESOURCE
(DS_MENU_RESOURCE,CD_MENU) VALUES('pedido/modal-pesquisa-mercadoria',24);
INSERT INTO [LOGIN].[dbo].TB_MENU_WEB_RESOURCE
(DS_MENU_RESOURCE,CD_MENU) VALUES('pedido/modal-lista-mercadoria',24);
INSERT INTO [LOGIN].[dbo].TB_MENU_WEB_RESOURCE
(DS_MENU_RESOURCE,CD_MENU) VALUES('pedido/verifica-numero-pedido',24);
INSERT INTO [LOGIN].[dbo].TB_MENU_WEB_RESOURCE
(DS_MENU_RESOURCE,CD_MENU) VALUES('pedido/recupera-dados-pedido',24);
INSERT INTO [LOGIN].[dbo].TB_MENU_WEB_RESOURCE
(DS_MENU_RESOURCE,CD_MENU) VALUES('pedido/recupera-dados-mercadoria',24);
INSERT INTO [LOGIN].[dbo].TB_MENU_WEB_RESOURCE
(DS_MENU_RESOURCE,CD_MENU) VALUES('pedido/recupera-mercadoria-por-codigo',24);
INSERT INTO [LOGIN].[dbo].TB_MENU_WEB_RESOURCE
(DS_MENU_RESOURCE,CD_MENU) VALUES('pedido/inserir-pedido-orcamento',24);
INSERT INTO [LOGIN].[dbo].TB_MENU_WEB_RESOURCE
(DS_MENU_RESOURCE,CD_MENU) VALUES('pedido/salva-mercadoria-pedido',24);
INSERT INTO [LOGIN].[dbo].TB_MENU_WEB_RESOURCE
(DS_MENU_RESOURCE,CD_MENU) VALUES('pedido/pesquisa-mercadoria-por-paramentro',24);
INSERT INTO [LOGIN].[dbo].TB_MENU_WEB_RESOURCE
(DS_MENU_RESOURCE,CD_MENU) VALUES('pedido/cpf-nota',3);
INSERT INTO [LOGIN].[dbo].TB_MENU_WEB_RESOURCE
(DS_MENU_RESOURCE,CD_MENU) VALUES('pedido/cpf-nota',24);
INSERT INTO [LOGIN].[dbo].TB_MENU_WEB_RESOURCE
(DS_MENU_RESOURCE,CD_MENU) VALUES('pedido/recupera-historico-por-data',24);
INSERT INTO [LOGIN].[dbo].TB_MENU_WEB_RESOURCE
(DS_MENU_RESOURCE,CD_MENU) VALUES('pedido/abrir',24);
INSERT INTO [LOGIN].[dbo].TB_MENU_WEB_RESOURCE
(DS_MENU_RESOURCE,CD_MENU) VALUES('pedido/cancelar',24);



--RESOURCES DO MENUS DE RELATORIOS
INSERT INTO [LOGIN].[dbo].TB_MENU_WEB_RESOURCE
(DS_MENU_RESOURCE,CD_MENU) VALUES('relatorio/index',21);
INSERT INTO [LOGIN].[dbo].TB_MENU_WEB_RESOURCE
(DS_MENU_RESOURCE,CD_MENU) VALUES('relatorio-agendamento/pesquisa',25);
INSERT INTO [LOGIN].[dbo].TB_MENU_WEB_RESOURCE
(DS_MENU_RESOURCE,CD_MENU) VALUES('relatorio-agendamento/filtro',25);
INSERT INTO [LOGIN].[dbo].TB_MENU_WEB_RESOURCE
(DS_MENU_RESOURCE,CD_MENU) VALUES('relatorio-agendamento/relatorio',25);

INSERT INTO [LOGIN].[dbo].TB_MENU_WEB_RESOURCE
(DS_MENU_RESOURCE,CD_MENU) VALUES('relatorio-atendimento/pesquisa',22);
INSERT INTO [LOGIN].[dbo].TB_MENU_WEB_RESOURCE
(DS_MENU_RESOURCE,CD_MENU) VALUES('relatorio-atendimento/relatorio',22);


INSERT INTO [LOGIN].[dbo].TB_MENU_WEB_RESOURCE
(DS_MENU_RESOURCE,CD_MENU) VALUES('relatorio-vendas-mensal-tipo-pagamento/pesquisa',29);
INSERT INTO [LOGIN].[dbo].TB_MENU_WEB_RESOURCE
(DS_MENU_RESOURCE,CD_MENU) VALUES('relatorio-vendas-mensal-tipo-pagamento/relatorio',29);
INSERT INTO [LOGIN].[dbo].TB_MENU_WEB_RESOURCE
(DS_MENU_RESOURCE,CD_MENU) VALUES('relatorio-vendas-mensal-tipo-pagamento/app',29);


INSERT INTO [LOGIN].[dbo].TB_MENU_WEB_RESOURCE
(DS_MENU_RESOURCE,CD_MENU) VALUES('relatorio-inventario-estoque/pesquisa',28);
INSERT INTO [LOGIN].[dbo].TB_MENU_WEB_RESOURCE
(DS_MENU_RESOURCE,CD_MENU) VALUES('relatorio-inventario-estoque/relatorio',28);
INSERT INTO [LOGIN].[dbo].TB_MENU_WEB_RESOURCE
(DS_MENU_RESOURCE,CD_MENU) VALUES('relatorio/relatorio-inventario-estoque',28);


INSERT INTO [LOGIN].[dbo].TB_MENU_WEB_RESOURCE
(DS_MENU_RESOURCE,CD_MENU) VALUES('relatorio-resumo-caixa/pesquisa',27);
INSERT INTO [LOGIN].[dbo].TB_MENU_WEB_RESOURCE
(DS_MENU_RESOURCE,CD_MENU) VALUES('relatorio-resumo-caixa/relatorio',27);
INSERT INTO [LOGIN].[dbo].TB_MENU_WEB_RESOURCE
(DS_MENU_RESOURCE,CD_MENU) VALUES('relatorio-resumo-caixa/filtro',27);

INSERT INTO [LOGIN].[dbo].TB_MENU_WEB_RESOURCE
(DS_MENU_RESOURCE,CD_MENU) VALUES('relatorio-caixa/pesquisa',26);
INSERT INTO [LOGIN].[dbo].TB_MENU_WEB_RESOURCE
(DS_MENU_RESOURCE,CD_MENU) VALUES('relatorio-caixa/filtro',26);
INSERT INTO [LOGIN].[dbo].TB_MENU_WEB_RESOURCE
(DS_MENU_RESOURCE,CD_MENU) VALUES('relatorio-caixa/relatorio',26);
INSERT INTO [LOGIN].[dbo].TB_MENU_WEB_RESOURCE
(DS_MENU_RESOURCE,CD_MENU) VALUES('relatorio-caixa/relatorio-detalhado',26);

INSERT INTO [LOGIN].[dbo].TB_MENU_WEB_RESOURCE
(DS_MENU_RESOURCE,CD_MENU) VALUES('relatorio-nota/pesquisa',23);
INSERT INTO [LOGIN].[dbo].TB_MENU_WEB_RESOURCE
(DS_MENU_RESOURCE,CD_MENU) VALUES('relatorio-nota/relatorio',23);

INSERT INTO [LOGIN].[dbo].TB_MENU_WEB_RESOURCE
(DS_MENU_RESOURCE,CD_MENU) VALUES('relatorio-pedido/pesquisa-multi-loja',30);
INSERT INTO [LOGIN].[dbo].TB_MENU_WEB_RESOURCE
(DS_MENU_RESOURCE,CD_MENU) VALUES('relatorio-pedido/detalhe-multi-loja',30);

INSERT INTO [LOGIN].[dbo].TB_MENU_WEB_RESOURCE
(DS_MENU_RESOURCE,CD_MENU) VALUES('relatorio-pedido/pesquisa',24);
INSERT INTO [LOGIN].[dbo].TB_MENU_WEB_RESOURCE
(DS_MENU_RESOURCE,CD_MENU) VALUES('relatorio-pedido/relatorio',24);


--RESOURCES DO MENUS CAIXA
INSERT INTO [LOGIN].[dbo].TB_MENU_WEB_RESOURCE
(DS_MENU_RESOURCE,CD_MENU) VALUES('caixa/index',13);
INSERT INTO [LOGIN].[dbo].TB_MENU_WEB_RESOURCE
(DS_MENU_RESOURCE,CD_MENU) VALUES('caixa/caixa',13);
INSERT INTO [LOGIN].[dbo].TB_MENU_WEB_RESOURCE
(DS_MENU_RESOURCE,CD_MENU) VALUES('caixa/caixafuncionario',13);
INSERT INTO [LOGIN].[dbo].TB_MENU_WEB_RESOURCE
(DS_MENU_RESOURCE,CD_MENU) VALUES('caixa/validaaberturacaixa',13);
INSERT INTO [LOGIN].[dbo].TB_MENU_WEB_RESOURCE
(DS_MENU_RESOURCE,CD_MENU) VALUES('caixa/fechamentocaixa',13);
INSERT INTO [LOGIN].[dbo].TB_MENU_WEB_RESOURCE
(DS_MENU_RESOURCE,CD_MENU) VALUES('caixa/recebepedido',13);
INSERT INTO [LOGIN].[dbo].TB_MENU_WEB_RESOURCE
(DS_MENU_RESOURCE,CD_MENU) VALUES('caixa/reaberturacaixa',13);
INSERT INTO [LOGIN].[dbo].TB_MENU_WEB_RESOURCE
(DS_MENU_RESOURCE,CD_MENU) VALUES('caixa/movimentacaocaixa',13);
INSERT INTO [LOGIN].[dbo].TB_MENU_WEB_RESOURCE
(DS_MENU_RESOURCE,CD_MENU) VALUES('caixa/gravamovimentacaocaixa',13);
INSERT INTO [LOGIN].[dbo].TB_MENU_WEB_RESOURCE
(DS_MENU_RESOURCE,CD_MENU) VALUES('caixa/pesquisamovimentacaocaixa',13);
INSERT INTO [LOGIN].[dbo].TB_MENU_WEB_RESOURCE
(DS_MENU_RESOURCE,CD_MENU) VALUES('ajax/get-historico-movimentacao',13);
INSERT INTO [LOGIN].[dbo].TB_MENU_WEB_RESOURCE
(DS_MENU_RESOURCE,CD_MENU) VALUES('ajax/get-classificacao-financeira',13);
INSERT INTO [LOGIN].[dbo].TB_MENU_WEB_RESOURCE
(DS_MENU_RESOURCE,CD_MENU) VALUES('ajax/get-operador-loja',13);


--RESOURCES DO MENUS CRM - ANALISE
INSERT INTO [LOGIN].[dbo].TB_MENU_WEB_RESOURCE
(DS_MENU_RESOURCE,CD_MENU) VALUES('mail/crm',32);
INSERT INTO [LOGIN].[dbo].TB_MENU_WEB_RESOURCE
(DS_MENU_RESOURCE,CD_MENU) VALUES('mail/pesquisa',32);
INSERT INTO [LOGIN].[dbo].TB_MENU_WEB_RESOURCE
(DS_MENU_RESOURCE,CD_MENU) VALUES('mail/send-mail',32);
INSERT INTO [LOGIN].[dbo].TB_MENU_WEB_RESOURCE
(DS_MENU_RESOURCE,CD_MENU) VALUES('mail/gerar-planilha',32);
INSERT INTO [LOGIN].[dbo].TB_MENU_WEB_RESOURCE
(DS_MENU_RESOURCE,CD_MENU) VALUES('mail/relatorio',32);

--RESOURCES DO MENUS CRM - EMAIL
INSERT INTO [LOGIN].[dbo].TB_MENU_WEB_RESOURCE
(DS_MENU_RESOURCE,CD_MENU) VALUES('mail/analise',33);
INSERT INTO [LOGIN].[dbo].TB_MENU_WEB_RESOURCE
(DS_MENU_RESOURCE,CD_MENU) VALUES('mail/ver-clientes',33);

--RESOURCES DO MENU CONTAS A RECEBER
INSERT INTO [LOGIN].[dbo].TB_MENU_WEB_RESOURCE
(DS_MENU_RESOURCE,CD_MENU) VALUES('contas-receber/index',20);
INSERT INTO [LOGIN].[dbo].TB_MENU_WEB_RESOURCE
(DS_MENU_RESOURCE,CD_MENU) VALUES('contas-receber/pesquisa',20);
INSERT INTO [LOGIN].[dbo].TB_MENU_WEB_RESOURCE
(DS_MENU_RESOURCE,CD_MENU) VALUES('contas-receber/cadastrar',20);
INSERT INTO [LOGIN].[dbo].TB_MENU_WEB_RESOURCE
(DS_MENU_RESOURCE,CD_MENU) VALUES('contas-receber/editar',20);
INSERT INTO [LOGIN].[dbo].TB_MENU_WEB_RESOURCE
(DS_MENU_RESOURCE,CD_MENU) VALUES('contas-receber/buscarcliente',20);
INSERT INTO [LOGIN].[dbo].TB_MENU_WEB_RESOURCE
(DS_MENU_RESOURCE,CD_MENU) VALUES('cliente/modal-pesquisa-emissor',20);
INSERT INTO [LOGIN].[dbo].TB_MENU_WEB_RESOURCE
(DS_MENU_RESOURCE,CD_MENU) VALUES('cliente/modal-pesquisa-cliente',20);
INSERT INTO [LOGIN].[dbo].TB_MENU_WEB_RESOURCE
(DS_MENU_RESOURCE,CD_MENU) VALUES('cliente/modal-pesquisa-lista-cliente',20);
INSERT INTO [LOGIN].[dbo].TB_MENU_WEB_RESOURCE
(DS_MENU_RESOURCE,CD_MENU) VALUES('cliente/pesquisa-cliente-por-paramentro',20);
INSERT INTO [LOGIN].[dbo].TB_MENU_WEB_RESOURCE
(DS_MENU_RESOURCE,CD_MENU) VALUES('cliente/recupera-cliente-por-codigo',20);


--RESOURCES DO MENU CONTAS A PAGAR
INSERT INTO [LOGIN].[dbo].TB_MENU_WEB_RESOURCE
(DS_MENU_RESOURCE,CD_MENU) VALUES('contas-pagar/index',19);
INSERT INTO [LOGIN].[dbo].TB_MENU_WEB_RESOURCE
(DS_MENU_RESOURCE,CD_MENU) VALUES('contas-pagar/pesquisa',19);
INSERT INTO [LOGIN].[dbo].TB_MENU_WEB_RESOURCE
(DS_MENU_RESOURCE,CD_MENU) VALUES('contas-pagar/cadastrar',19);
INSERT INTO [LOGIN].[dbo].TB_MENU_WEB_RESOURCE
(DS_MENU_RESOURCE,CD_MENU) VALUES('contas-pagar/editar',19);
INSERT INTO [LOGIN].[dbo].TB_MENU_WEB_RESOURCE
(DS_MENU_RESOURCE,CD_MENU) VALUES('contas-pagar/baixa',19);

-- A VINCULAR

--INSERT INTO [LOGIN].[dbo].TB_MENU_WEB_RESOURCE
--(DS_MENU_RESOURCE,CD_MENU) VALUES('relatorio/relatorio-bi',????);
--INSERT INTO [LOGIN].[dbo].TB_MENU_WEB_RESOURCE
--(DS_MENU_RESOURCE,CD_MENU) VALUES('relatorio-vendas-secao/pesquisa',???);
--INSERT INTO [LOGIN].[dbo].TB_MENU_WEB_RESOURCE
--(DS_MENU_RESOURCE,CD_MENU) VALUES('relatorio-vendas-secao/relatorio',???);

--INSERT INTO [LOGIN].[dbo].TB_MENU_WEB_RESOURCE
--(DS_MENU_RESOURCE,CD_MENU) VALUES('estoque/index',??);
--INSERT INTO [LOGIN].[dbo].TB_MENU_WEB_RESOURCE
--(DS_MENU_RESOURCE,CD_MENU) VALUES('estoque/movimentacao',??);
--INSERT INTO [LOGIN].[dbo].TB_MENU_WEB_RESOURCE
--(DS_MENU_RESOURCE,CD_MENU) VALUES('estoque/pesquisa',??);
--INSERT INTO [LOGIN].[dbo].TB_MENU_WEB_RESOURCE
--(DS_MENU_RESOURCE,CD_MENU) VALUES('estoque/cadastrar',??);
--INSERT INTO [LOGIN].[dbo].TB_MENU_WEB_RESOURCE
--(DS_MENU_RESOURCE,CD_MENU) VALUES('estoque/editar',??);
--INSERT INTO [LOGIN].[dbo].TB_MENU_WEB_RESOURCE
--(DS_MENU_RESOURCE,CD_MENU) VALUES('estoque/remover',??);










