USE [LOGIN]


CREATE TABLE [LOGIN].[dbo].TB_PERFIL_WEB(
	[CD_PERFIL_WEB] [int] NOT NULL,
	[DS_NOME] [varchar](55) NOT NULL,
	[ST_ATIVO] [char](1) NULL,
 CONSTRAINT [PK_TB_PERFIL_WEB] PRIMARY KEY (
	[CD_PERFIL_WEB] ASC
 )
);

ALTER TABLE [LOGIN].[dbo].TB_USUARIO_WEB
	ADD [CD_PERFIL_WEB] [int];

CREATE TABLE [LOGIN].[dbo].TB_MENU_WEB_RESOURCE(
	[CD_MENU_WEB_RESOURCE] [int] IDENTITY(1,1) NOT NULL,
	[DS_MENU_RESOURCE] [varchar](100) NOT NULL,
	CD_PERFIL_WEB [int] NOT NULL,
 CONSTRAINT [PK_MENU_WEB_RESOURCE] PRIMARY KEY (
	 [CD_MENU_WEB_RESOURCE] ASC
 ),
  CONSTRAINT UK_MENU_WEB_RESOURCE UNIQUE(DS_MENU_RESOURCE,CD_MENU) 
);

CREATE TABLE [LOGIN].[dbo].TB_PERFIL_WEB_ACL(
	[CD_PERFIL_WEB] [int] NOT NULL,
	[CD_MENU] [int] NOT NULL,
 CONSTRAINT [PK_TB_PERFIL_WEB_MENUS] PRIMARY KEY (
	[CD_PERFIL_WEB] ASC, [CD_MENU] ASC
 )
);


CREATE TABLE [LOGIN].[dbo].TB_MENU_WEB(
	[CD_MENU] [int] NOT NULL,
	[DS_MENU] [varchar](100) NOT NULL,
	[CD_MENU_PAI] [int] ,
	[DS_URL] [varchar](100),
	[DS_ICONE] [varchar](100),
	[ST_ATIVO] [char](1) NOT NULL
 CONSTRAINT [PK_TB_MENU_WEB] PRIMARY KEY (
	[CD_MENU] ASC
 )
);

--perfis
INSERT INTO [LOGIN].[dbo].[TB_PERFIL_WEB]
	VALUES(1,'Administrador de usuários','S');

INSERT INTO [LOGIN].[dbo].[TB_PERFIL_WEB]
	VALUES(2,'Básico I','S');

 INSERT INTO [LOGIN].[dbo].[TB_PERFIL_WEB]
	VALUES(3,'Basico II','S');

--Menus
INSERT INTO [LOGIN].[dbo].TB_MENU_WEB
	VALUES (1,'Controle de Acesso',NULL,NULL,'fa fa-lock','S');

INSERT INTO [LOGIN].[dbo].TB_MENU_WEB
	VALUES (1,'Menus do sistema',1,'/menu-web/index',NULL,'S');

INSERT INTO [LOGIN].[dbo].TB_MENU_WEB
	VALUES (3,'Perfis do sistema',1,'/perfil-web/index',NULL,'S');

INSERT INTO [LOGIN].[dbo].TB_MENU_WEB
	VALUES (4,'Usuários Web',1,'/usuario-web/index',NULL,'S');

INSERT INTO [LOGIN].[dbo].TB_MENU_WEB
	VALUES (5,'Cadastros',NULL,NULL,'fa fa-qrcode','S');

INSERT INTO [LOGIN].[dbo].TB_MENU_WEB
	VALUES (6,'Clientes',5,'/cliente',NULL,'S');

INSERT INTO [LOGIN].[dbo].TB_MENU_WEB
	VALUES (7,'Serviço/Mercadoria',5,'/mercadoria',NULL,'S');

INSERT INTO [LOGIN].[dbo].TB_MENU_WEB
	VALUES (8,'CFOP',5,'/tabela/cfop',NULL,'S');

INSERT INTO [LOGIN].[dbo].TB_MENU_WEB
	VALUES (9,'Cartões',5,'/tabela/cartao',NULL,'S');

INSERT INTO [LOGIN].[dbo].TB_MENU_WEB
	VALUES (10,'Forma de Pagamento',5,'/tabela/forma-pagamento',NULL,'S');


INSERT INTO [LOGIN].[dbo].TB_MENU_WEB
	VALUES (11,'Agenda',NULL,'/agenda/index','fa fa-calendar','S');

INSERT INTO [LOGIN].[dbo].TB_MENU_WEB
	VALUES (12,'Pedido',NULL,'/pedido/lista-tablet','fa fa-pencil','S');

INSERT INTO [LOGIN].[dbo].TB_MENU_WEB
	VALUES (13,'Caixa',NULL,'/caixa/caixa','fa fa-shopping-cart','S');

INSERT INTO [LOGIN].[dbo].TB_MENU_WEB
	VALUES (14,'Nota Fiscal Eletrônica',NULL,NULL,'fa fa-qrcode','S');

INSERT INTO [LOGIN].[dbo].TB_MENU_WEB
	VALUES (15,'Emitir NF-e',14,'/nota/avulsa',NULL,'S');

INSERT INTO [LOGIN].[dbo].TB_MENU_WEB
	VALUES (16,'Listar NF-e',14,'/nota/lista',NULL,'S');

INSERT INTO [LOGIN].[dbo].TB_MENU_WEB
	VALUES (17,'Consulta(Receita)',14,'/nota/consulta-receita',NULL,'S');

INSERT INTO [LOGIN].[dbo].TB_MENU_WEB
	VALUES (18,'Configurar',14,'/nota/configurar',NULL,'S');


INSERT INTO [LOGIN].[dbo].TB_MENU_WEB
	VALUES (19,'Contas à Pagar',NULL,'/contas-pagar','fa fa-paperclip','S');

	
INSERT INTO [LOGIN].[dbo].TB_MENU_WEB
	VALUES (20,'Contas à Receber',NULL,'/contas-receber','fa fa-money','S');

INSERT INTO [LOGIN].[dbo].TB_MENU_WEB
	VALUES (21,'Relatórios',NULL,NULL,'i i-graph icon','S');

INSERT INTO [LOGIN].[dbo].TB_MENU_WEB
	VALUES (22,'Atendimento - Produtos / Serviços Vendidos',21,'/relatorio-atendimento/pesquisa',NULL,'S');

INSERT INTO [LOGIN].[dbo].TB_MENU_WEB
	VALUES (23,'Notas Fiscais',21,'/relatorio-nota/pesquisa',NULL,'S');

INSERT INTO [LOGIN].[dbo].TB_MENU_WEB
	VALUES (24,'Pedidos',21,'/relatorio-pedido/pesquisa',NULL,'S');

INSERT INTO [LOGIN].[dbo].TB_MENU_WEB
	VALUES (25,'Agendamentos',21,'/relatorio-agendamento/pesquisa',NULL,'S');

INSERT INTO [LOGIN].[dbo].TB_MENU_WEB
	VALUES (26,'Caixa',21,'/relatorio-caixa/pesquisa',NULL,'S');

INSERT INTO [LOGIN].[dbo].TB_MENU_WEB
	VALUES (27,'Resumo de Caixa',21,'/relatorio-resumo-caixa/pesquisa',NULL,'S');

INSERT INTO [LOGIN].[dbo].TB_MENU_WEB
	VALUES (28,'Inventário de Estoque',21,'/relatorio-inventario-estoque/pesquisa',NULL,'S');

INSERT INTO [LOGIN].[dbo].TB_MENU_WEB
	VALUES (29,'Vendas Mensais Por Tipo de Pagamento',21,'/relatorio-vendas-mensal-tipo-pagamento/pesquisa',NULL,'S');

INSERT INTO [LOGIN].[dbo].TB_MENU_WEB
	VALUES (30,'Multi-Loja',21,'/relatorio-pedido/pesquisa-multi-loja',NULL,'S');

INSERT INTO [LOGIN].[dbo].TB_MENU_WEB
	VALUES (31,'CRM',NULL,NULL,'fa fa-users','S');

INSERT INTO [LOGIN].[dbo].TB_MENU_WEB
	VALUES (32,'Análise',31,'/mail/analise',NULL,'S');

INSERT INTO [LOGIN].[dbo].TB_MENU_WEB
	VALUES (33,'E-mail',31,'/mail/crm',NULL,'S');


--Perfil WEB x Menu
INSERT INTO  [LOGIN].[dbo].[TB_PERFIL_WEB_MENUS]
 VALUES (1,2);
INSERT INTO  [LOGIN].[dbo].[TB_PERFIL_WEB_MENUS]
 VALUES (1,3);
INSERT INTO  [LOGIN].[dbo].[TB_PERFIL_WEB_MENUS]
 VALUES (1,4);
INSERT INTO  [LOGIN].[dbo].[TB_PERFIL_WEB_MENUS]
 VALUES (2,6);
INSERT INTO  [LOGIN].[dbo].[TB_PERFIL_WEB_MENUS]
 VALUES (2,7);
INSERT INTO  [LOGIN].[dbo].[TB_PERFIL_WEB_MENUS]
 VALUES (2,8);
INSERT INTO  [LOGIN].[dbo].[TB_PERFIL_WEB_MENUS]
 VALUES (2,9);
INSERT INTO  [LOGIN].[dbo].[TB_PERFIL_WEB_MENUS]
 VALUES (2,10);
INSERT INTO  [LOGIN].[dbo].[TB_PERFIL_WEB_MENUS]
 VALUES (2,15);
INSERT INTO  [LOGIN].[dbo].[TB_PERFIL_WEB_MENUS]
 VALUES (2,16);
INSERT INTO  [LOGIN].[dbo].[TB_PERFIL_WEB_MENUS]
 VALUES (2,17);
INSERT INTO  [LOGIN].[dbo].[TB_PERFIL_WEB_MENUS]
 VALUES (2,18);
INSERT INTO  [LOGIN].[dbo].[TB_PERFIL_WEB_MENUS]
 VALUES (3,6);
INSERT INTO  [LOGIN].[dbo].[TB_PERFIL_WEB_MENUS]
 VALUES (3,7);
INSERT INTO  [LOGIN].[dbo].[TB_PERFIL_WEB_MENUS]
 VALUES (3,8);
INSERT INTO  [LOGIN].[dbo].[TB_PERFIL_WEB_MENUS]
 VALUES (3,9);
INSERT INTO  [LOGIN].[dbo].[TB_PERFIL_WEB_MENUS]
 VALUES (3,10);
INSERT INTO  [LOGIN].[dbo].[TB_PERFIL_WEB_MENUS]
 VALUES (3,11);
INSERT INTO  [LOGIN].[dbo].[TB_PERFIL_WEB_MENUS]
 VALUES (3,12);
INSERT INTO  [LOGIN].[dbo].[TB_PERFIL_WEB_MENUS]
 VALUES (3,13);
INSERT INTO  [LOGIN].[dbo].[TB_PERFIL_WEB_MENUS]
 VALUES (3,15);
INSERT INTO  [LOGIN].[dbo].[TB_PERFIL_WEB_MENUS]
 VALUES (3,16);
INSERT INTO  [LOGIN].[dbo].[TB_PERFIL_WEB_MENUS]
 VALUES (3,17);
INSERT INTO  [LOGIN].[dbo].[TB_PERFIL_WEB_MENUS]
 VALUES (3,18);
INSERT INTO  [LOGIN].[dbo].[TB_PERFIL_WEB_MENUS]
 VALUES (3,19);
INSERT INTO  [LOGIN].[dbo].[TB_PERFIL_WEB_MENUS]
 VALUES (3,20);
INSERT INTO  [LOGIN].[dbo].[TB_PERFIL_WEB_MENUS]
 VALUES (3,22);
INSERT INTO  [LOGIN].[dbo].[TB_PERFIL_WEB_MENUS]
 VALUES (3,23);
INSERT INTO  [LOGIN].[dbo].[TB_PERFIL_WEB_MENUS]
 VALUES (3,24);
INSERT INTO  [LOGIN].[dbo].[TB_PERFIL_WEB_MENUS]
 VALUES (3,25);
INSERT INTO  [LOGIN].[dbo].[TB_PERFIL_WEB_MENUS]
 VALUES (3,26);
INSERT INTO  [LOGIN].[dbo].[TB_PERFIL_WEB_MENUS]
 VALUES (3,27);
INSERT INTO  [LOGIN].[dbo].[TB_PERFIL_WEB_MENUS]
 VALUES (3,28);
INSERT INTO  [LOGIN].[dbo].[TB_PERFIL_WEB_MENUS]
 VALUES (3,29);
INSERT INTO  [LOGIN].[dbo].[TB_PERFIL_WEB_MENUS]
 VALUES (3,30);
INSERT INTO  [LOGIN].[dbo].[TB_PERFIL_WEB_MENUS]
 VALUES (3,32);
INSERT INTO  [LOGIN].[dbo].[TB_PERFIL_WEB_MENUS]
 VALUES (3,33);


--Perfil Básico I
 UPDATE [LOGIN].[dbo].[TB_USUARIO_WEB]
  SET [CD_PERFIL_WEB] = 2
   WHERE [CD_PERFIL_WEB] = NULL;

UPDATE [LOGIN].[dbo].[TB_USUARIO_WEB]
  SET   CD_PERFIL_WEB  = 2,
		 ST_ATIVO = 'S'
   WHERE [CD_USUARIO_WEB] = 6; -- bsbgestao

--Perfil Administrador de usuários
UPDATE [LOGIN].[dbo].[TB_USUARIO_WEB]
  SET  CD_PERFIL_WEB  = 1, 
	    ST_ATIVO = 'S'
   WHERE [CD_USUARIO_WEB] = 7; -- admin


--ACL for menu's
INSERT INTO [LOGIN].[dbo].TB_MENU_WEB_RESOURCE
(DS_MENU_RESOURCE,CD_PERFIL_WEB) VALUES('index/',1);
INSERT INTO [LOGIN].[dbo].TB_MENU_WEB_RESOURCE
(DS_MENU_RESOURCE,CD_PERFIL_WEB) VALUES('index/logout',1);
INSERT INTO [LOGIN].[dbo].TB_MENU_WEB_RESOURCE
(DS_MENU_RESOURCE,CD_PERFIL_WEB) VALUES('index/login',1);
INSERT INTO [LOGIN].[dbo].TB_MENU_WEB_RESOURCE
(DS_MENU_RESOURCE,CD_PERFIL_WEB) VALUES('index/index',1);
INSERT INTO [LOGIN].[dbo].TB_MENU_WEB_RESOURCE
(DS_MENU_RESOURCE,CD_PERFIL_WEB) VALUES('index/validasenha',1);
INSERT INTO [LOGIN].[dbo].TB_MENU_WEB_RESOURCE
(DS_MENU_RESOURCE,CD_PERFIL_WEB) VALUES('Application\Controller\Index/index',1);
INSERT INTO [LOGIN].[dbo].TB_MENU_WEB_RESOURCE
(DS_MENU_RESOURCE,CD_PERFIL_WEB) VALUES('layout/login',1);
INSERT INTO [LOGIN].[dbo].TB_MENU_WEB_RESOURCE
(DS_MENU_RESOURCE,CD_PERFIL_WEB) VALUES('home',1);
INSERT INTO [LOGIN].[dbo].TB_MENU_WEB_RESOURCE
(DS_MENU_RESOURCE,CD_PERFIL_WEB) VALUES('home/default',1);
INSERT INTO [LOGIN].[dbo].TB_MENU_WEB_RESOURCE
(DS_MENU_RESOURCE,CD_PERFIL_WEB) VALUES('js/fullcalendar',1);
INSERT INTO [LOGIN].[dbo].TB_MENU_WEB_RESOURCE
(DS_MENU_RESOURCE,CD_PERFIL_WEB) VALUES('painel/index',1);
INSERT INTO [LOGIN].[dbo].TB_MENU_WEB_RESOURCE
(DS_MENU_RESOURCE,CD_PERFIL_WEB) VALUES('Application\Controller\Painel/index',1);
INSERT INTO [LOGIN].[dbo].TB_MENU_WEB_RESOURCE
(DS_MENU_RESOURCE,CD_PERFIL_WEB) VALUES('menu-web/index',1);
INSERT INTO [LOGIN].[dbo].TB_MENU_WEB_RESOURCE
(DS_MENU_RESOURCE,CD_PERFIL_WEB) VALUES('perfil-web/index',1);
INSERT INTO [LOGIN].[dbo].TB_MENU_WEB_RESOURCE
(DS_MENU_RESOURCE,CD_PERFIL_WEB) VALUES('perfil-web/cadastro',1);
INSERT INTO [LOGIN].[dbo].TB_MENU_WEB_RESOURCE
(DS_MENU_RESOURCE,CD_PERFIL_WEB) VALUES('perfil-web/edicao',1);
INSERT INTO [LOGIN].[dbo].TB_MENU_WEB_RESOURCE
(DS_MENU_RESOURCE,CD_PERFIL_WEB) VALUES('perfil-web/inativar',1);
INSERT INTO [LOGIN].[dbo].TB_MENU_WEB_RESOURCE
(DS_MENU_RESOURCE,CD_PERFIL_WEB) VALUES('perfil-web/ativar',1);
INSERT INTO [LOGIN].[dbo].TB_MENU_WEB_RESOURCE
(DS_MENU_RESOURCE,CD_PERFIL_WEB) VALUES('perfil-web/meusDados',1);
INSERT INTO [LOGIN].[dbo].TB_MENU_WEB_RESOURCE
(DS_MENU_RESOURCE,CD_PERFIL_WEB) VALUES('usuario-web/index',1);
INSERT INTO [LOGIN].[dbo].TB_MENU_WEB_RESOURCE
(DS_MENU_RESOURCE,CD_PERFIL_WEB) VALUES('usuario-web/cadastro',1);
INSERT INTO [LOGIN].[dbo].TB_MENU_WEB_RESOURCE
(DS_MENU_RESOURCE,CD_PERFIL_WEB) VALUES('usuario-web/edicao',1);
INSERT INTO [LOGIN].[dbo].TB_MENU_WEB_RESOURCE
(DS_MENU_RESOURCE,CD_PERFIL_WEB) VALUES('usuario-web/inativar',1);
INSERT INTO [LOGIN].[dbo].TB_MENU_WEB_RESOURCE
(DS_MENU_RESOURCE,CD_PERFIL_WEB) VALUES('usuario-web/ativar',1);
INSERT INTO [LOGIN].[dbo].TB_MENU_WEB_RESOURCE
(DS_MENU_RESOURCE,CD_PERFIL_WEB) VALUES('index/',2);
INSERT INTO [LOGIN].[dbo].TB_MENU_WEB_RESOURCE
(DS_MENU_RESOURCE,CD_PERFIL_WEB) VALUES('index/logout',2);
INSERT INTO [LOGIN].[dbo].TB_MENU_WEB_RESOURCE
(DS_MENU_RESOURCE,CD_PERFIL_WEB) VALUES('index/login',2);
INSERT INTO [LOGIN].[dbo].TB_MENU_WEB_RESOURCE
(DS_MENU_RESOURCE,CD_PERFIL_WEB) VALUES('index/index',2);
INSERT INTO [LOGIN].[dbo].TB_MENU_WEB_RESOURCE
(DS_MENU_RESOURCE,CD_PERFIL_WEB) VALUES('index/validasenha',2);
INSERT INTO [LOGIN].[dbo].TB_MENU_WEB_RESOURCE
(DS_MENU_RESOURCE,CD_PERFIL_WEB) VALUES('Application\Controller\Index/index',2);
INSERT INTO [LOGIN].[dbo].TB_MENU_WEB_RESOURCE
(DS_MENU_RESOURCE,CD_PERFIL_WEB) VALUES('layout/login',2);
INSERT INTO [LOGIN].[dbo].TB_MENU_WEB_RESOURCE
(DS_MENU_RESOURCE,CD_PERFIL_WEB) VALUES('home',2);
INSERT INTO [LOGIN].[dbo].TB_MENU_WEB_RESOURCE
(DS_MENU_RESOURCE,CD_PERFIL_WEB) VALUES('home/default',2);
INSERT INTO [LOGIN].[dbo].TB_MENU_WEB_RESOURCE
(DS_MENU_RESOURCE,CD_PERFIL_WEB) VALUES('js/fullcalendar',2);
INSERT INTO [LOGIN].[dbo].TB_MENU_WEB_RESOURCE
(DS_MENU_RESOURCE,CD_PERFIL_WEB) VALUES('painel/index',2);
INSERT INTO [LOGIN].[dbo].TB_MENU_WEB_RESOURCE
(DS_MENU_RESOURCE,CD_PERFIL_WEB) VALUES('Application\Controller\Painel/index',2);
INSERT INTO [LOGIN].[dbo].TB_MENU_WEB_RESOURCE
(DS_MENU_RESOURCE,CD_PERFIL_WEB) VALUES('ajax/get-cidade-por-uf',2);
INSERT INTO [LOGIN].[dbo].TB_MENU_WEB_RESOURCE
(DS_MENU_RESOURCE,CD_PERFIL_WEB) VALUES('ajax/get-historico-movimentacao',2);
INSERT INTO [LOGIN].[dbo].TB_MENU_WEB_RESOURCE
(DS_MENU_RESOURCE,CD_PERFIL_WEB) VALUES('ajax/get-classificacao-financeira',2);
INSERT INTO [LOGIN].[dbo].TB_MENU_WEB_RESOURCE
(DS_MENU_RESOURCE,CD_PERFIL_WEB) VALUES('ajax/get-operador-loja',2);
INSERT INTO [LOGIN].[dbo].TB_MENU_WEB_RESOURCE
(DS_MENU_RESOURCE,CD_PERFIL_WEB) VALUES('cliente/index',2);
INSERT INTO [LOGIN].[dbo].TB_MENU_WEB_RESOURCE
(DS_MENU_RESOURCE,CD_PERFIL_WEB) VALUES('cliente/cadastrar',2);
INSERT INTO [LOGIN].[dbo].TB_MENU_WEB_RESOURCE
(DS_MENU_RESOURCE,CD_PERFIL_WEB) VALUES('cliente/cadastrarclienterapidoagendamento',2);
INSERT INTO [LOGIN].[dbo].TB_MENU_WEB_RESOURCE
(DS_MENU_RESOURCE,CD_PERFIL_WEB) VALUES('cliente/editar',2);
INSERT INTO [LOGIN].[dbo].TB_MENU_WEB_RESOURCE
(DS_MENU_RESOURCE,CD_PERFIL_WEB) VALUES('cliente/remover',2);
INSERT INTO [LOGIN].[dbo].TB_MENU_WEB_RESOURCE
(DS_MENU_RESOURCE,CD_PERFIL_WEB) VALUES('cliente/buscarcliente',2);
INSERT INTO [LOGIN].[dbo].TB_MENU_WEB_RESOURCE
(DS_MENU_RESOURCE,CD_PERFIL_WEB) VALUES('cliente/agendacadastrar',2);
INSERT INTO [LOGIN].[dbo].TB_MENU_WEB_RESOURCE
(DS_MENU_RESOURCE,CD_PERFIL_WEB) VALUES('cliente/cadastro',2);
INSERT INTO [LOGIN].[dbo].TB_MENU_WEB_RESOURCE
(DS_MENU_RESOURCE,CD_PERFIL_WEB) VALUES('cliente/modal-pesquisa-cliente',2);
INSERT INTO [LOGIN].[dbo].TB_MENU_WEB_RESOURCE
(DS_MENU_RESOURCE,CD_PERFIL_WEB) VALUES('cliente/modal-pesquisa-lista-cliente',2);
INSERT INTO [LOGIN].[dbo].TB_MENU_WEB_RESOURCE
(DS_MENU_RESOURCE,CD_PERFIL_WEB) VALUES('cliente/pesquisa-cliente-por-paramentro',2);
INSERT INTO [LOGIN].[dbo].TB_MENU_WEB_RESOURCE
(DS_MENU_RESOURCE,CD_PERFIL_WEB) VALUES('cliente/recupera-cliente-por-codigo',2);
INSERT INTO [LOGIN].[dbo].TB_MENU_WEB_RESOURCE
(DS_MENU_RESOURCE,CD_PERFIL_WEB) VALUES('mercadoria/index',2);
INSERT INTO [LOGIN].[dbo].TB_MENU_WEB_RESOURCE
(DS_MENU_RESOURCE,CD_PERFIL_WEB) VALUES('mercadoria/editar',2);
INSERT INTO [LOGIN].[dbo].TB_MENU_WEB_RESOURCE
(DS_MENU_RESOURCE,CD_PERFIL_WEB) VALUES('mercadoria/cadastrar',2);
INSERT INTO [LOGIN].[dbo].TB_MENU_WEB_RESOURCE
(DS_MENU_RESOURCE,CD_PERFIL_WEB) VALUES('mercadoria/remover',2);
INSERT INTO [LOGIN].[dbo].TB_MENU_WEB_RESOURCE
(DS_MENU_RESOURCE,CD_PERFIL_WEB) VALUES('mercadoria/pesquisar',2);
INSERT INTO [LOGIN].[dbo].TB_MENU_WEB_RESOURCE
(DS_MENU_RESOURCE,CD_PERFIL_WEB) VALUES('mercadoria/modal-pesquisa-mercadoria',2);
INSERT INTO [LOGIN].[dbo].TB_MENU_WEB_RESOURCE
(DS_MENU_RESOURCE,CD_PERFIL_WEB) VALUES('mercadoria/modal-pesquisa-lista-mercadoria',2);
INSERT INTO [LOGIN].[dbo].TB_MENU_WEB_RESOURCE
(DS_MENU_RESOURCE,CD_PERFIL_WEB) VALUES('mercadoria/pesquisa-mercadoria-por-paramentro',2);
INSERT INTO [LOGIN].[dbo].TB_MENU_WEB_RESOURCE
(DS_MENU_RESOURCE,CD_PERFIL_WEB) VALUES('mercadoria/recupera-mercadoria-por-codigo',2);
INSERT INTO [LOGIN].[dbo].TB_MENU_WEB_RESOURCE
(DS_MENU_RESOURCE,CD_PERFIL_WEB) VALUES('tabela/forma-pagamento',2);
INSERT INTO [LOGIN].[dbo].TB_MENU_WEB_RESOURCE
(DS_MENU_RESOURCE,CD_PERFIL_WEB) VALUES('tabela/forma-pagamento-editar',2);
INSERT INTO [LOGIN].[dbo].TB_MENU_WEB_RESOURCE
(DS_MENU_RESOURCE,CD_PERFIL_WEB) VALUES('tabela/forma-pagamento-cadastrar',2);
INSERT INTO [LOGIN].[dbo].TB_MENU_WEB_RESOURCE
(DS_MENU_RESOURCE,CD_PERFIL_WEB) VALUES('tabela/cfop',2);
INSERT INTO [LOGIN].[dbo].TB_MENU_WEB_RESOURCE
(DS_MENU_RESOURCE,CD_PERFIL_WEB) VALUES('tabela/cfop-cadastrar',2);
INSERT INTO [LOGIN].[dbo].TB_MENU_WEB_RESOURCE
(DS_MENU_RESOURCE,CD_PERFIL_WEB) VALUES('tabela/cfop-editar',2);
INSERT INTO [LOGIN].[dbo].TB_MENU_WEB_RESOURCE
(DS_MENU_RESOURCE,CD_PERFIL_WEB) VALUES('tabela/cartao',2);
INSERT INTO [LOGIN].[dbo].TB_MENU_WEB_RESOURCE
(DS_MENU_RESOURCE,CD_PERFIL_WEB) VALUES('tabela/cartao-cadastrar',2);
INSERT INTO [LOGIN].[dbo].TB_MENU_WEB_RESOURCE
(DS_MENU_RESOURCE,CD_PERFIL_WEB) VALUES('tabela/cartao-editar',2);
INSERT INTO [LOGIN].[dbo].TB_MENU_WEB_RESOURCE
(DS_MENU_RESOURCE,CD_PERFIL_WEB) VALUES('nota/lista',2);
INSERT INTO [LOGIN].[dbo].TB_MENU_WEB_RESOURCE
(DS_MENU_RESOURCE,CD_PERFIL_WEB) VALUES('nota/avulsa',2);
INSERT INTO [LOGIN].[dbo].TB_MENU_WEB_RESOURCE
(DS_MENU_RESOURCE,CD_PERFIL_WEB) VALUES('nota/pedido',2);
INSERT INTO [LOGIN].[dbo].TB_MENU_WEB_RESOURCE
(DS_MENU_RESOURCE,CD_PERFIL_WEB) VALUES('nota/ordemServico',2);
INSERT INTO [LOGIN].[dbo].TB_MENU_WEB_RESOURCE
(DS_MENU_RESOURCE,CD_PERFIL_WEB) VALUES('nota/cartaCorrecao',2);
INSERT INTO [LOGIN].[dbo].TB_MENU_WEB_RESOURCE
(DS_MENU_RESOURCE,CD_PERFIL_WEB) VALUES('nota/configurar',2);
INSERT INTO [LOGIN].[dbo].TB_MENU_WEB_RESOURCE
(DS_MENU_RESOURCE,CD_PERFIL_WEB) VALUES('nota/gera-nfe',2);
INSERT INTO [LOGIN].[dbo].TB_MENU_WEB_RESOURCE
(DS_MENU_RESOURCE,CD_PERFIL_WEB) VALUES('nota/status-nfe',2);
INSERT INTO [LOGIN].[dbo].TB_MENU_WEB_RESOURCE
(DS_MENU_RESOURCE,CD_PERFIL_WEB) VALUES('nota/consulta-receita',2);
INSERT INTO [LOGIN].[dbo].TB_MENU_WEB_RESOURCE
(DS_MENU_RESOURCE,CD_PERFIL_WEB) VALUES('nota/imprime-danfe',2);
INSERT INTO [LOGIN].[dbo].TB_MENU_WEB_RESOURCE
(DS_MENU_RESOURCE,CD_PERFIL_WEB) VALUES('nota/cancela',2);
INSERT INTO [LOGIN].[dbo].TB_MENU_WEB_RESOURCE
(DS_MENU_RESOURCE,CD_PERFIL_WEB) VALUES('nota/send',2);
INSERT INTO [LOGIN].[dbo].TB_MENU_WEB_RESOURCE
(DS_MENU_RESOURCE,CD_PERFIL_WEB) VALUES('nota/abrir',2);
INSERT INTO [LOGIN].[dbo].TB_MENU_WEB_RESOURCE
(DS_MENU_RESOURCE,CD_PERFIL_WEB) VALUES('nota/visualiza-danfe',2);
INSERT INTO [LOGIN].[dbo].TB_MENU_WEB_RESOURCE
(DS_MENU_RESOURCE,CD_PERFIL_WEB) VALUES('nota/save-nota',2);
INSERT INTO [LOGIN].[dbo].TB_MENU_WEB_RESOURCE
(DS_MENU_RESOURCE,CD_PERFIL_WEB) VALUES('index/',3);
INSERT INTO [LOGIN].[dbo].TB_MENU_WEB_RESOURCE
(DS_MENU_RESOURCE,CD_PERFIL_WEB) VALUES('index/logout',3);
INSERT INTO [LOGIN].[dbo].TB_MENU_WEB_RESOURCE
(DS_MENU_RESOURCE,CD_PERFIL_WEB) VALUES('index/login',3);
INSERT INTO [LOGIN].[dbo].TB_MENU_WEB_RESOURCE
(DS_MENU_RESOURCE,CD_PERFIL_WEB) VALUES('index/index',3);
INSERT INTO [LOGIN].[dbo].TB_MENU_WEB_RESOURCE
(DS_MENU_RESOURCE,CD_PERFIL_WEB) VALUES('index/validasenha',3);
INSERT INTO [LOGIN].[dbo].TB_MENU_WEB_RESOURCE
(DS_MENU_RESOURCE,CD_PERFIL_WEB) VALUES('Application\Controller\Index/index',3);
INSERT INTO [LOGIN].[dbo].TB_MENU_WEB_RESOURCE
(DS_MENU_RESOURCE,CD_PERFIL_WEB) VALUES('layout/login',3);
INSERT INTO [LOGIN].[dbo].TB_MENU_WEB_RESOURCE
(DS_MENU_RESOURCE,CD_PERFIL_WEB) VALUES('home',3);
INSERT INTO [LOGIN].[dbo].TB_MENU_WEB_RESOURCE
(DS_MENU_RESOURCE,CD_PERFIL_WEB) VALUES('home/default',3);
INSERT INTO [LOGIN].[dbo].TB_MENU_WEB_RESOURCE
(DS_MENU_RESOURCE,CD_PERFIL_WEB) VALUES('js/fullcalendar',3);
INSERT INTO [LOGIN].[dbo].TB_MENU_WEB_RESOURCE
(DS_MENU_RESOURCE,CD_PERFIL_WEB) VALUES('painel/index',3);
INSERT INTO [LOGIN].[dbo].TB_MENU_WEB_RESOURCE
(DS_MENU_RESOURCE,CD_PERFIL_WEB) VALUES('Application\Controller\Painel/index',3);
INSERT INTO [LOGIN].[dbo].TB_MENU_WEB_RESOURCE
(DS_MENU_RESOURCE,CD_PERFIL_WEB) VALUES('ajax/get-cidade-por-uf',3);
INSERT INTO [LOGIN].[dbo].TB_MENU_WEB_RESOURCE
(DS_MENU_RESOURCE,CD_PERFIL_WEB) VALUES('ajax/get-historico-movimentacao',3);
INSERT INTO [LOGIN].[dbo].TB_MENU_WEB_RESOURCE
(DS_MENU_RESOURCE,CD_PERFIL_WEB) VALUES('ajax/get-classificacao-financeira',3);
INSERT INTO [LOGIN].[dbo].TB_MENU_WEB_RESOURCE
(DS_MENU_RESOURCE,CD_PERFIL_WEB) VALUES('ajax/get-operador-loja',3);
INSERT INTO [LOGIN].[dbo].TB_MENU_WEB_RESOURCE
(DS_MENU_RESOURCE,CD_PERFIL_WEB) VALUES('cliente/index',3);
INSERT INTO [LOGIN].[dbo].TB_MENU_WEB_RESOURCE
(DS_MENU_RESOURCE,CD_PERFIL_WEB) VALUES('cliente/cadastrar',3);
INSERT INTO [LOGIN].[dbo].TB_MENU_WEB_RESOURCE
(DS_MENU_RESOURCE,CD_PERFIL_WEB) VALUES('cliente/cadastrarclienterapidoagendamento',3);
INSERT INTO [LOGIN].[dbo].TB_MENU_WEB_RESOURCE
(DS_MENU_RESOURCE,CD_PERFIL_WEB) VALUES('cliente/editar',3);
INSERT INTO [LOGIN].[dbo].TB_MENU_WEB_RESOURCE
(DS_MENU_RESOURCE,CD_PERFIL_WEB) VALUES('cliente/remover',3);
INSERT INTO [LOGIN].[dbo].TB_MENU_WEB_RESOURCE
(DS_MENU_RESOURCE,CD_PERFIL_WEB) VALUES('cliente/buscarcliente',3);
INSERT INTO [LOGIN].[dbo].TB_MENU_WEB_RESOURCE
(DS_MENU_RESOURCE,CD_PERFIL_WEB) VALUES('cliente/agendacadastrar',3);
INSERT INTO [LOGIN].[dbo].TB_MENU_WEB_RESOURCE
(DS_MENU_RESOURCE,CD_PERFIL_WEB) VALUES('cliente/cadastro',3);
INSERT INTO [LOGIN].[dbo].TB_MENU_WEB_RESOURCE
(DS_MENU_RESOURCE,CD_PERFIL_WEB) VALUES('cliente/modal-pesquisa-cliente',3);
INSERT INTO [LOGIN].[dbo].TB_MENU_WEB_RESOURCE
(DS_MENU_RESOURCE,CD_PERFIL_WEB) VALUES('cliente/modal-pesquisa-lista-cliente',3);
INSERT INTO [LOGIN].[dbo].TB_MENU_WEB_RESOURCE
(DS_MENU_RESOURCE,CD_PERFIL_WEB) VALUES('cliente/pesquisa-cliente-por-paramentro',3);
INSERT INTO [LOGIN].[dbo].TB_MENU_WEB_RESOURCE
(DS_MENU_RESOURCE,CD_PERFIL_WEB) VALUES('cliente/recupera-cliente-por-codigo',3);
INSERT INTO [LOGIN].[dbo].TB_MENU_WEB_RESOURCE
(DS_MENU_RESOURCE,CD_PERFIL_WEB) VALUES('mercadoria/index',3);
INSERT INTO [LOGIN].[dbo].TB_MENU_WEB_RESOURCE
(DS_MENU_RESOURCE,CD_PERFIL_WEB) VALUES('mercadoria/editar',3);
INSERT INTO [LOGIN].[dbo].TB_MENU_WEB_RESOURCE
(DS_MENU_RESOURCE,CD_PERFIL_WEB) VALUES('mercadoria/cadastrar',3);
INSERT INTO [LOGIN].[dbo].TB_MENU_WEB_RESOURCE
(DS_MENU_RESOURCE,CD_PERFIL_WEB) VALUES('mercadoria/remover',3);
INSERT INTO [LOGIN].[dbo].TB_MENU_WEB_RESOURCE
(DS_MENU_RESOURCE,CD_PERFIL_WEB) VALUES('mercadoria/pesquisar',3);
INSERT INTO [LOGIN].[dbo].TB_MENU_WEB_RESOURCE
(DS_MENU_RESOURCE,CD_PERFIL_WEB) VALUES('mercadoria/modal-pesquisa-mercadoria',3);
INSERT INTO [LOGIN].[dbo].TB_MENU_WEB_RESOURCE
(DS_MENU_RESOURCE,CD_PERFIL_WEB) VALUES('mercadoria/modal-pesquisa-lista-mercadoria',3);
INSERT INTO [LOGIN].[dbo].TB_MENU_WEB_RESOURCE
(DS_MENU_RESOURCE,CD_PERFIL_WEB) VALUES('mercadoria/pesquisa-mercadoria-por-paramentro',3);
INSERT INTO [LOGIN].[dbo].TB_MENU_WEB_RESOURCE
(DS_MENU_RESOURCE,CD_PERFIL_WEB) VALUES('mercadoria/recupera-mercadoria-por-codigo',3);
INSERT INTO [LOGIN].[dbo].TB_MENU_WEB_RESOURCE
(DS_MENU_RESOURCE,CD_PERFIL_WEB) VALUES('tabela/forma-pagamento',3);
INSERT INTO [LOGIN].[dbo].TB_MENU_WEB_RESOURCE
(DS_MENU_RESOURCE,CD_PERFIL_WEB) VALUES('tabela/forma-pagamento-editar',3);
INSERT INTO [LOGIN].[dbo].TB_MENU_WEB_RESOURCE
(DS_MENU_RESOURCE,CD_PERFIL_WEB) VALUES('tabela/forma-pagamento-cadastrar',3);
INSERT INTO [LOGIN].[dbo].TB_MENU_WEB_RESOURCE
(DS_MENU_RESOURCE,CD_PERFIL_WEB) VALUES('tabela/cfop',3);
INSERT INTO [LOGIN].[dbo].TB_MENU_WEB_RESOURCE
(DS_MENU_RESOURCE,CD_PERFIL_WEB) VALUES('tabela/cfop-cadastrar',3);
INSERT INTO [LOGIN].[dbo].TB_MENU_WEB_RESOURCE
(DS_MENU_RESOURCE,CD_PERFIL_WEB) VALUES('tabela/cfop-editar',3);
INSERT INTO [LOGIN].[dbo].TB_MENU_WEB_RESOURCE
(DS_MENU_RESOURCE,CD_PERFIL_WEB) VALUES('tabela/cartao',3);
INSERT INTO [LOGIN].[dbo].TB_MENU_WEB_RESOURCE
(DS_MENU_RESOURCE,CD_PERFIL_WEB) VALUES('tabela/cartao-cadastrar',3);
INSERT INTO [LOGIN].[dbo].TB_MENU_WEB_RESOURCE
(DS_MENU_RESOURCE,CD_PERFIL_WEB) VALUES('tabela/cartao-editar',3);
INSERT INTO [LOGIN].[dbo].TB_MENU_WEB_RESOURCE
(DS_MENU_RESOURCE,CD_PERFIL_WEB) VALUES('agenda/agendamento-cliente',3);
INSERT INTO [LOGIN].[dbo].TB_MENU_WEB_RESOURCE
(DS_MENU_RESOURCE,CD_PERFIL_WEB) VALUES('agenda/index',3);
INSERT INTO [LOGIN].[dbo].TB_MENU_WEB_RESOURCE
(DS_MENU_RESOURCE,CD_PERFIL_WEB) VALUES('agenda/agenda',3);
INSERT INTO [LOGIN].[dbo].TB_MENU_WEB_RESOURCE
(DS_MENU_RESOURCE,CD_PERFIL_WEB) VALUES('agenda/horariosAgenda',3);
INSERT INTO [LOGIN].[dbo].TB_MENU_WEB_RESOURCE
(DS_MENU_RESOURCE,CD_PERFIL_WEB) VALUES('agenda/cadastrar-cliente-agenda',3);
INSERT INTO [LOGIN].[dbo].TB_MENU_WEB_RESOURCE
(DS_MENU_RESOURCE,CD_PERFIL_WEB) VALUES('agenda/recupera-servico-por-codigo',3);
INSERT INTO [LOGIN].[dbo].TB_MENU_WEB_RESOURCE
(DS_MENU_RESOURCE,CD_PERFIL_WEB) VALUES('agenda/situacaoagendamento',3);
INSERT INTO [LOGIN].[dbo].TB_MENU_WEB_RESOURCE
(DS_MENU_RESOURCE,CD_PERFIL_WEB) VALUES('agenda/verificaagenda',3);
INSERT INTO [LOGIN].[dbo].TB_MENU_WEB_RESOURCE
(DS_MENU_RESOURCE,CD_PERFIL_WEB) VALUES('agenda/atendecliente',3);
INSERT INTO [LOGIN].[dbo].TB_MENU_WEB_RESOURCE
(DS_MENU_RESOURCE,CD_PERFIL_WEB) VALUES('agenda/limpaagendamento',3);
INSERT INTO [LOGIN].[dbo].TB_MENU_WEB_RESOURCE
(DS_MENU_RESOURCE,CD_PERFIL_WEB) VALUES('maca/index',3);
INSERT INTO [LOGIN].[dbo].TB_MENU_WEB_RESOURCE
(DS_MENU_RESOURCE,CD_PERFIL_WEB) VALUES('maca/cadastrar',3);
INSERT INTO [LOGIN].[dbo].TB_MENU_WEB_RESOURCE
(DS_MENU_RESOURCE,CD_PERFIL_WEB) VALUES('pedido/novo-pedido',3);
INSERT INTO [LOGIN].[dbo].TB_MENU_WEB_RESOURCE
(DS_MENU_RESOURCE,CD_PERFIL_WEB) VALUES('pedido/lista-tablet',3);
INSERT INTO [LOGIN].[dbo].TB_MENU_WEB_RESOURCE
(DS_MENU_RESOURCE,CD_PERFIL_WEB) VALUES('pedido/grid-lista',3);
INSERT INTO [LOGIN].[dbo].TB_MENU_WEB_RESOURCE
(DS_MENU_RESOURCE,CD_PERFIL_WEB) VALUES('pedido/pedido-tablet',3);
INSERT INTO [LOGIN].[dbo].TB_MENU_WEB_RESOURCE
(DS_MENU_RESOURCE,CD_PERFIL_WEB) VALUES('pedido/salvar-pedido',3);
INSERT INTO [LOGIN].[dbo].TB_MENU_WEB_RESOURCE
(DS_MENU_RESOURCE,CD_PERFIL_WEB) VALUES('pedido/salvar-novo-pedido',3);
INSERT INTO [LOGIN].[dbo].TB_MENU_WEB_RESOURCE
(DS_MENU_RESOURCE,CD_PERFIL_WEB) VALUES('pedido/verifica-estoque',3);
INSERT INTO [LOGIN].[dbo].TB_MENU_WEB_RESOURCE
(DS_MENU_RESOURCE,CD_PERFIL_WEB) VALUES('pedido/orcamento',3);
INSERT INTO [LOGIN].[dbo].TB_MENU_WEB_RESOURCE
(DS_MENU_RESOURCE,CD_PERFIL_WEB) VALUES('pedido/grid-mercadoria',3);
INSERT INTO [LOGIN].[dbo].TB_MENU_WEB_RESOURCE
(DS_MENU_RESOURCE,CD_PERFIL_WEB) VALUES('pedido/modal-lista-mercadoria',3);
INSERT INTO [LOGIN].[dbo].TB_MENU_WEB_RESOURCE
(DS_MENU_RESOURCE,CD_PERFIL_WEB) VALUES('pedido/modal-pesquisa-lista-mercadoria',3);
INSERT INTO [LOGIN].[dbo].TB_MENU_WEB_RESOURCE
(DS_MENU_RESOURCE,CD_PERFIL_WEB) VALUES('pedido/modal-pesquisa-mercadoria',3);
INSERT INTO [LOGIN].[dbo].TB_MENU_WEB_RESOURCE
(DS_MENU_RESOURCE,CD_PERFIL_WEB) VALUES('pedido/modal-lista-mercadoria',3);
INSERT INTO [LOGIN].[dbo].TB_MENU_WEB_RESOURCE
(DS_MENU_RESOURCE,CD_PERFIL_WEB) VALUES('pedido/verifica-numero-pedido',3);
INSERT INTO [LOGIN].[dbo].TB_MENU_WEB_RESOURCE
(DS_MENU_RESOURCE,CD_PERFIL_WEB) VALUES('pedido/recupera-dados-pedido',3);
INSERT INTO [LOGIN].[dbo].TB_MENU_WEB_RESOURCE
(DS_MENU_RESOURCE,CD_PERFIL_WEB) VALUES('pedido/recupera-dados-mercadoria',3);
INSERT INTO [LOGIN].[dbo].TB_MENU_WEB_RESOURCE
(DS_MENU_RESOURCE,CD_PERFIL_WEB) VALUES('pedido/recupera-mercadoria-por-codigo',3);
INSERT INTO [LOGIN].[dbo].TB_MENU_WEB_RESOURCE
(DS_MENU_RESOURCE,CD_PERFIL_WEB) VALUES('pedido/inserir-pedido-orcamento',3);
INSERT INTO [LOGIN].[dbo].TB_MENU_WEB_RESOURCE
(DS_MENU_RESOURCE,CD_PERFIL_WEB) VALUES('pedido/salva-mercadoria-pedido',3);
INSERT INTO [LOGIN].[dbo].TB_MENU_WEB_RESOURCE
(DS_MENU_RESOURCE,CD_PERFIL_WEB) VALUES('pedido/pesquisa-mercadoria-por-paramentro',3);
INSERT INTO [LOGIN].[dbo].TB_MENU_WEB_RESOURCE
(DS_MENU_RESOURCE,CD_PERFIL_WEB) VALUES('pedido/cpf-nota',3);
INSERT INTO [LOGIN].[dbo].TB_MENU_WEB_RESOURCE
(DS_MENU_RESOURCE,CD_PERFIL_WEB) VALUES('pedido/recupera-historico-por-data',3);
INSERT INTO [LOGIN].[dbo].TB_MENU_WEB_RESOURCE
(DS_MENU_RESOURCE,CD_PERFIL_WEB) VALUES('nota/lista',3);
INSERT INTO [LOGIN].[dbo].TB_MENU_WEB_RESOURCE
(DS_MENU_RESOURCE,CD_PERFIL_WEB) VALUES('nota/avulsa',3);
INSERT INTO [LOGIN].[dbo].TB_MENU_WEB_RESOURCE
(DS_MENU_RESOURCE,CD_PERFIL_WEB) VALUES('nota/pedido',3);
INSERT INTO [LOGIN].[dbo].TB_MENU_WEB_RESOURCE
(DS_MENU_RESOURCE,CD_PERFIL_WEB) VALUES('nota/ordemServico',3);
INSERT INTO [LOGIN].[dbo].TB_MENU_WEB_RESOURCE
(DS_MENU_RESOURCE,CD_PERFIL_WEB) VALUES('nota/cartaCorrecao',3);
INSERT INTO [LOGIN].[dbo].TB_MENU_WEB_RESOURCE
(DS_MENU_RESOURCE,CD_PERFIL_WEB) VALUES('nota/configurar',3);
INSERT INTO [LOGIN].[dbo].TB_MENU_WEB_RESOURCE
(DS_MENU_RESOURCE,CD_PERFIL_WEB) VALUES('nota/gera-nfe',3);
INSERT INTO [LOGIN].[dbo].TB_MENU_WEB_RESOURCE
(DS_MENU_RESOURCE,CD_PERFIL_WEB) VALUES('nota/status-nfe',3);
INSERT INTO [LOGIN].[dbo].TB_MENU_WEB_RESOURCE
(DS_MENU_RESOURCE,CD_PERFIL_WEB) VALUES('nota/consulta-receita',3);
INSERT INTO [LOGIN].[dbo].TB_MENU_WEB_RESOURCE
(DS_MENU_RESOURCE,CD_PERFIL_WEB) VALUES('nota/imprime-danfe',3);
INSERT INTO [LOGIN].[dbo].TB_MENU_WEB_RESOURCE
(DS_MENU_RESOURCE,CD_PERFIL_WEB) VALUES('nota/cancela',3);
INSERT INTO [LOGIN].[dbo].TB_MENU_WEB_RESOURCE
(DS_MENU_RESOURCE,CD_PERFIL_WEB) VALUES('nota/send',3);
INSERT INTO [LOGIN].[dbo].TB_MENU_WEB_RESOURCE
(DS_MENU_RESOURCE,CD_PERFIL_WEB) VALUES('nota/abrir',3);
INSERT INTO [LOGIN].[dbo].TB_MENU_WEB_RESOURCE
(DS_MENU_RESOURCE,CD_PERFIL_WEB) VALUES('nota/visualiza-danfe',3);
INSERT INTO [LOGIN].[dbo].TB_MENU_WEB_RESOURCE
(DS_MENU_RESOURCE,CD_PERFIL_WEB) VALUES('nota/save-nota',3);
INSERT INTO [LOGIN].[dbo].TB_MENU_WEB_RESOURCE
(DS_MENU_RESOURCE,CD_PERFIL_WEB) VALUES('relatorio/index',3);
INSERT INTO [LOGIN].[dbo].TB_MENU_WEB_RESOURCE
(DS_MENU_RESOURCE,CD_PERFIL_WEB) VALUES('relatorio-agendamento/pesquisa',3);
INSERT INTO [LOGIN].[dbo].TB_MENU_WEB_RESOURCE
(DS_MENU_RESOURCE,CD_PERFIL_WEB) VALUES('relatorio-agendamento/filtro',3);
INSERT INTO [LOGIN].[dbo].TB_MENU_WEB_RESOURCE
(DS_MENU_RESOURCE,CD_PERFIL_WEB) VALUES('relatorio-agendamento/relatorio',3);
INSERT INTO [LOGIN].[dbo].TB_MENU_WEB_RESOURCE
(DS_MENU_RESOURCE,CD_PERFIL_WEB) VALUES('relatorio-atendimento/pesquisa',3);
INSERT INTO [LOGIN].[dbo].TB_MENU_WEB_RESOURCE
(DS_MENU_RESOURCE,CD_PERFIL_WEB) VALUES('relatorio-atendimento/relatorio',3);
INSERT INTO [LOGIN].[dbo].TB_MENU_WEB_RESOURCE
(DS_MENU_RESOURCE,CD_PERFIL_WEB) VALUES('relatorio-vendas-mensal-tipo-pagamento/pesquisa',3);
INSERT INTO [LOGIN].[dbo].TB_MENU_WEB_RESOURCE
(DS_MENU_RESOURCE,CD_PERFIL_WEB) VALUES('relatorio-vendas-mensal-tipo-pagamento/relatorio',3);
INSERT INTO [LOGIN].[dbo].TB_MENU_WEB_RESOURCE
(DS_MENU_RESOURCE,CD_PERFIL_WEB) VALUES('relatorio-vendas-mensal-tipo-pagamento/app',3);
INSERT INTO [LOGIN].[dbo].TB_MENU_WEB_RESOURCE
(DS_MENU_RESOURCE,CD_PERFIL_WEB) VALUES('relatorio-inventario-estoque/pesquisa',3);
INSERT INTO [LOGIN].[dbo].TB_MENU_WEB_RESOURCE
(DS_MENU_RESOURCE,CD_PERFIL_WEB) VALUES('relatorio-inventario-estoque/relatorio',3);
INSERT INTO [LOGIN].[dbo].TB_MENU_WEB_RESOURCE
(DS_MENU_RESOURCE,CD_PERFIL_WEB) VALUES('relatorio/relatorio-inventario-estoque',3);
INSERT INTO [LOGIN].[dbo].TB_MENU_WEB_RESOURCE
(DS_MENU_RESOURCE,CD_PERFIL_WEB) VALUES('relatorio-resumo-caixa/pesquisa',3);
INSERT INTO [LOGIN].[dbo].TB_MENU_WEB_RESOURCE
(DS_MENU_RESOURCE,CD_PERFIL_WEB) VALUES('relatorio-resumo-caixa/relatorio',3);
INSERT INTO [LOGIN].[dbo].TB_MENU_WEB_RESOURCE
(DS_MENU_RESOURCE,CD_PERFIL_WEB) VALUES('relatorio-resumo-caixa/filtro',3);
INSERT INTO [LOGIN].[dbo].TB_MENU_WEB_RESOURCE
(DS_MENU_RESOURCE,CD_PERFIL_WEB) VALUES('relatorio-caixa/pesquisa',3);
INSERT INTO [LOGIN].[dbo].TB_MENU_WEB_RESOURCE
(DS_MENU_RESOURCE,CD_PERFIL_WEB) VALUES('relatorio-caixa/filtro',3);
INSERT INTO [LOGIN].[dbo].TB_MENU_WEB_RESOURCE
(DS_MENU_RESOURCE,CD_PERFIL_WEB) VALUES('relatorio-caixa/relatorio',3);
INSERT INTO [LOGIN].[dbo].TB_MENU_WEB_RESOURCE
(DS_MENU_RESOURCE,CD_PERFIL_WEB) VALUES('relatorio-caixa/relatorio-detalhado',3);
INSERT INTO [LOGIN].[dbo].TB_MENU_WEB_RESOURCE
(DS_MENU_RESOURCE,CD_PERFIL_WEB) VALUES('relatorio/relatorio-bi',3);
INSERT INTO [LOGIN].[dbo].TB_MENU_WEB_RESOURCE
(DS_MENU_RESOURCE,CD_PERFIL_WEB) VALUES('relatorio-pedido/pesquisa',3);
INSERT INTO [LOGIN].[dbo].TB_MENU_WEB_RESOURCE
(DS_MENU_RESOURCE,CD_PERFIL_WEB) VALUES('relatorio-pedido/relatorio',3);
INSERT INTO [LOGIN].[dbo].TB_MENU_WEB_RESOURCE
(DS_MENU_RESOURCE,CD_PERFIL_WEB) VALUES('relatorio-pedido/pesquisa-multi-loja',3);
INSERT INTO [LOGIN].[dbo].TB_MENU_WEB_RESOURCE
(DS_MENU_RESOURCE,CD_PERFIL_WEB) VALUES('relatorio-pedido/detalhe-multi-loja',3);
INSERT INTO [LOGIN].[dbo].TB_MENU_WEB_RESOURCE
(DS_MENU_RESOURCE,CD_PERFIL_WEB) VALUES('relatorio-nota/pesquisa',3);
INSERT INTO [LOGIN].[dbo].TB_MENU_WEB_RESOURCE
(DS_MENU_RESOURCE,CD_PERFIL_WEB) VALUES('relatorio-nota/relatorio',3);
INSERT INTO [LOGIN].[dbo].TB_MENU_WEB_RESOURCE
(DS_MENU_RESOURCE,CD_PERFIL_WEB) VALUES('relatorio-vendas-secao/pesquisa',3);
INSERT INTO [LOGIN].[dbo].TB_MENU_WEB_RESOURCE
(DS_MENU_RESOURCE,CD_PERFIL_WEB) VALUES('relatorio-vendas-secao/relatorio',3);
INSERT INTO [LOGIN].[dbo].TB_MENU_WEB_RESOURCE
(DS_MENU_RESOURCE,CD_PERFIL_WEB) VALUES('caixa/index',3);
INSERT INTO [LOGIN].[dbo].TB_MENU_WEB_RESOURCE
(DS_MENU_RESOURCE,CD_PERFIL_WEB) VALUES('caixa/caixa',3);
INSERT INTO [LOGIN].[dbo].TB_MENU_WEB_RESOURCE
(DS_MENU_RESOURCE,CD_PERFIL_WEB) VALUES('caixa/caixafuncionario',3);
INSERT INTO [LOGIN].[dbo].TB_MENU_WEB_RESOURCE
(DS_MENU_RESOURCE,CD_PERFIL_WEB) VALUES('caixa/validaaberturacaixa',3);
INSERT INTO [LOGIN].[dbo].TB_MENU_WEB_RESOURCE
(DS_MENU_RESOURCE,CD_PERFIL_WEB) VALUES('caixa/fechamentocaixa',3);
INSERT INTO [LOGIN].[dbo].TB_MENU_WEB_RESOURCE
(DS_MENU_RESOURCE,CD_PERFIL_WEB) VALUES('caixa/recebepedido',3);
INSERT INTO [LOGIN].[dbo].TB_MENU_WEB_RESOURCE
(DS_MENU_RESOURCE,CD_PERFIL_WEB) VALUES('caixa/reaberturacaixa',3);
INSERT INTO [LOGIN].[dbo].TB_MENU_WEB_RESOURCE
(DS_MENU_RESOURCE,CD_PERFIL_WEB) VALUES('caixa/movimentacaocaixa',3);
INSERT INTO [LOGIN].[dbo].TB_MENU_WEB_RESOURCE
(DS_MENU_RESOURCE,CD_PERFIL_WEB) VALUES('caixa/gravamovimentacaocaixa',3);
INSERT INTO [LOGIN].[dbo].TB_MENU_WEB_RESOURCE
(DS_MENU_RESOURCE,CD_PERFIL_WEB) VALUES('caixa/pesquisamovimentacaocaixa',3);
INSERT INTO [LOGIN].[dbo].TB_MENU_WEB_RESOURCE
(DS_MENU_RESOURCE,CD_PERFIL_WEB) VALUES('mail/crm',3);
INSERT INTO [LOGIN].[dbo].TB_MENU_WEB_RESOURCE
(DS_MENU_RESOURCE,CD_PERFIL_WEB) VALUES('mail/pesquisa',3);
INSERT INTO [LOGIN].[dbo].TB_MENU_WEB_RESOURCE
(DS_MENU_RESOURCE,CD_PERFIL_WEB) VALUES('mail/send-mail',3);
INSERT INTO [LOGIN].[dbo].TB_MENU_WEB_RESOURCE
(DS_MENU_RESOURCE,CD_PERFIL_WEB) VALUES('mail/gerar-planilha',3);
INSERT INTO [LOGIN].[dbo].TB_MENU_WEB_RESOURCE
(DS_MENU_RESOURCE,CD_PERFIL_WEB) VALUES('mail/relatorio',3);
INSERT INTO [LOGIN].[dbo].TB_MENU_WEB_RESOURCE
(DS_MENU_RESOURCE,CD_PERFIL_WEB) VALUES('mail/analise',3);
INSERT INTO [LOGIN].[dbo].TB_MENU_WEB_RESOURCE
(DS_MENU_RESOURCE,CD_PERFIL_WEB) VALUES('mail/ver-clientes',3);
INSERT INTO [LOGIN].[dbo].TB_MENU_WEB_RESOURCE
(DS_MENU_RESOURCE,CD_PERFIL_WEB) VALUES('contas-receber/index',3);
INSERT INTO [LOGIN].[dbo].TB_MENU_WEB_RESOURCE
(DS_MENU_RESOURCE,CD_PERFIL_WEB) VALUES('contas-receber/pesquisa',3);
INSERT INTO [LOGIN].[dbo].TB_MENU_WEB_RESOURCE
(DS_MENU_RESOURCE,CD_PERFIL_WEB) VALUES('contas-receber/cadastrar',3);
INSERT INTO [LOGIN].[dbo].TB_MENU_WEB_RESOURCE
(DS_MENU_RESOURCE,CD_PERFIL_WEB) VALUES('contas-receber/editar',3);
INSERT INTO [LOGIN].[dbo].TB_MENU_WEB_RESOURCE
(DS_MENU_RESOURCE,CD_PERFIL_WEB) VALUES('contas-receber/buscarcliente',3);
INSERT INTO [LOGIN].[dbo].TB_MENU_WEB_RESOURCE
(DS_MENU_RESOURCE,CD_PERFIL_WEB) VALUES('contas-pagar/index',3);
INSERT INTO [LOGIN].[dbo].TB_MENU_WEB_RESOURCE
(DS_MENU_RESOURCE,CD_PERFIL_WEB) VALUES('contas-pagar/pesquisa',3);
INSERT INTO [LOGIN].[dbo].TB_MENU_WEB_RESOURCE
(DS_MENU_RESOURCE,CD_PERFIL_WEB) VALUES('contas-pagar/cadastrar',3);
INSERT INTO [LOGIN].[dbo].TB_MENU_WEB_RESOURCE
(DS_MENU_RESOURCE,CD_PERFIL_WEB) VALUES('contas-pagar/editar',3);
INSERT INTO [LOGIN].[dbo].TB_MENU_WEB_RESOURCE
(DS_MENU_RESOURCE,CD_PERFIL_WEB) VALUES('contas-pagar/baixa',3);
INSERT INTO [LOGIN].[dbo].TB_MENU_WEB_RESOURCE
(DS_MENU_RESOURCE,CD_PERFIL_WEB) VALUES('estoque/index',3);
INSERT INTO [LOGIN].[dbo].TB_MENU_WEB_RESOURCE
(DS_MENU_RESOURCE,CD_PERFIL_WEB) VALUES('estoque/movimentacao',3);
INSERT INTO [LOGIN].[dbo].TB_MENU_WEB_RESOURCE
(DS_MENU_RESOURCE,CD_PERFIL_WEB) VALUES('estoque/pesquisa',3);
INSERT INTO [LOGIN].[dbo].TB_MENU_WEB_RESOURCE
(DS_MENU_RESOURCE,CD_PERFIL_WEB) VALUES('estoque/cadastrar',3);
INSERT INTO [LOGIN].[dbo].TB_MENU_WEB_RESOURCE
(DS_MENU_RESOURCE,CD_PERFIL_WEB) VALUES('estoque/editar',3);
INSERT INTO [LOGIN].[dbo].TB_MENU_WEB_RESOURCE
(DS_MENU_RESOURCE,CD_PERFIL_WEB) VALUES('estoque/remover',3);


INSERT INTO [LOGIN].[dbo].TB_MENU_WEB_RESOURCE
(DS_MENU_RESOURCE,CD_PERFIL_WEB) VALUES('perfil-web/meusDados',2);

INSERT INTO [LOGIN].[dbo].TB_MENU_WEB_RESOURCE
(DS_MENU_RESOURCE,CD_PERFIL_WEB) VALUES('perfil-web/meusDados',3);









